sequence,IC50 (µM),reference/BIOPEP-UWM ID,pIC50,Unnamed: 4,Unnamed: 5,Unnamed: 6,Unnamed: 7,Unnamed: 8,Unnamed: 9,is_label_issue,label_quality_score
MDFLI,0.0156,"Murray, B. A., and R. J. FitzGerald. ""Angiotensin converting enzyme inhibitory peptides derived from food proteins: biochemistry, bioactivity and production."" Current pharmaceutical design 13.8 (2007): 773-791.",7.80687540164554,,,,,,,True,0.0017210318771697796
MDLA,0.029,"Murray, B. A., and R. J. FitzGerald. ""Angiotensin converting enzyme inhibitory peptides derived from food proteins: biochemistry, bioactivity and production."" Current pharmaceutical design 13.8 (2007): 773-791.",7.53760200210104,,,,,,,True,0.002081001231148323
YQIGL,173800.0,"Garcia‐Redondo, Ana B., et al. ""Vascular effects of egg white‐derived peptides in resistance arteries from rats. Structure–activity relationships."" Journal of the Science of Food and Agriculture 90.12 (2010): 1988-1993.",0.759950227887352,,,,,,,True,0.003834075792357548
MFDL,0.0247,"Murray, B. A., and R. J. FitzGerald. ""Angiotensin converting enzyme inhibitory peptides derived from food proteins: biochemistry, bioactivity and production."" Current pharmaceutical design 13.8 (2007): 773-791.",7.60730304674033,,,,,,,True,0.004479199835612659
VAE,55900.0,"Koyama, Masahiro, et al. ""Blood pressure-lowering peptides from neo-fermented buckwheat sprouts: A new approach to estimating ACE-inhibitory activity."" PloS one 9.9 (2014): e105802.",1.25258819211358,,,,,,,True,0.007169951514574233
LIVT,0.11,"Vallabha, Vishwanath S., and Purnima Kaul Tiku. ""Antihypertensive peptides derived from soy protein by fermentation."" International Journal of Peptide Research and Therapeutics 20.2 (2014): 161-168.",6.95860731484178,,,,,,,True,0.009830146299924526
LIVTQ,0.087,"Vallabha, Vishwanath S., and Purnima Kaul Tiku. ""Antihypertensive peptides derived from soy protein by fermentation."" International Journal of Peptide Research and Therapeutics 20.2 (2014): 161-168.",7.06048074738138,,,,,,,True,0.010963344384314285
MILLLFR,0.12,"Toopcham, Tidarat, Sittiruk Roytrakul, and Jirawat Yongsawatdigul. ""Characterization and identification of angiotensin I-converting enzyme (ACE) inhibitory peptides derived from tilapia using Virgibacillus halodenitrificans SK1-3-7 proteinases."" journal of functional foods 14 (2015): 435-444.",6.92081875395238,,,,,,,True,0.015285681394826644
VSV,0.15,"Wu, Jianping, Rotimi E. Aluko, and Alister D. Muir. ""Purification of angiotensin I-converting enzyme-inhibitory peptides from the enzymatic hydrolysate of defatted canola meal."" Food chemistry 111.4 (2008): 942-950.",6.82390874094432,,,,,,,True,0.01583081480195548
MKP,0.3,"Vladimir R.Vukic, In silico identification of milk antihypertensive di- and tripeptides involved in angiotensin I–converting enzyme inhibitory activity",6.52287874528034,,,,,,,True,0.018250133950050155
VYRT,0.14,"Furuta, Tomoe, et al. ""Angiotensin I converting enzyme inhibitory peptides derived from phycobiliproteins of dulse Palmaria palmata."" Marine drugs 14.2 (2016): 32.",6.85387196432176,,,,,,,False,0.020818534469728926
GD,9200.0,"Cheung, Hong-Son, et al. ""Binding of peptide substrates and inhibitors of angiotensin-converting enzyme. Importance of the COOH-terminal dipeptide sequence."" Journal of Biological Chemistry 255.2 (1980): 401-407.",2.03621217265445,,,,,,,False,0.024613859331034747
VVG,39600.0,"Koyama, Masahiro, et al. ""Blood pressure-lowering peptides from neo-fermented buckwheat sprouts: A new approach to estimating ACE-inhibitory activity."" PloS one 9.9 (2014): e105802.",1.40230481407449,,,,,,,False,0.026308388807444995
GHKIATFQER,0.4,"KOHAMA, Yasuhiro, et al. ""Production of angiotensin-converting enzyme inhibitors from baker's yeast glyceraldehyde-3-phosphate dehydrogenase."" Journal of pharmacobio-dynamics 13.12 (1990): 766-771.",6.39794000867204,,,,,,,False,0.02853003525929189
GHKIATFQQR,0.4,"Sagardia, Iban, Rubén H. Roa-Ureta, and Carlos Bald. ""A new QSAR model, for angiotensin I-converting enzyme inhibitory oligopeptides."" Food chemistry 136.3-4 (2013): 1370-1376.",6.39794000867204,,,,,,,False,0.028766348431102637
IKW,0.21,"Murray, B. A., and R. J. FitzGerald. ""Angiotensin converting enzyme inhibitory peptides derived from food proteins: biochemistry, bioactivity and production."" Current pharmaceutical design 13.8 (2007): 773-791.",6.67778070526608,,,,,,,False,0.02952771382223254
YGG,10000.0,"Wu, Jianping, Rotimi E. Aluko, and Alister D. Muir. ""Purification of angiotensin I-converting enzyme-inhibitory peptides from the enzymatic hydrolysate of defatted canola meal."" Food chemistry 111.4 (2008): 942-950.",2.0,,,,,,,False,0.03182418064159147
LRW,0.23,"Wu, Jianping, Lujiang Yuan, and Rotimi E. Aluko. ""Restriction of the in vitro formation of angiotensin II by leucinyl-arginyl-tryptophan, a novel peptide with potent angiotensin I-converting enzyme inhibitory activity."" Bioscience, biotechnology, and biochemistry 70.5 (2006): 1277-1280.",6.63827216398241,,,,,,,False,0.031834529456587594
FE,1.45,"Wu, Hao, et al. ""Purification and identification of novel angiotensin-I-converting enzyme inhibitory peptides from shark meat hydrolysate."" Process Biochemistry 43.4 (2008): 457-461.",5.83863199776503,,,,,,,False,0.033360410058297624
GGVIPN,0.74,"Matsui T, Li CH, Osajima Y. Preparation and characterization of novel bioactive peptides responsible for angiotensin I–converting enzyme inhibition from wheat germ. J Pept Sci 1999;5:289–97.",6.13076828026902,,,,,,,False,0.03350970743434173
FTDVDFIK,0.42,"Huang, Guan-Jhong, et al. ""Sweet potato storage root thioredoxin h2 and their peptic hydrolysates exhibited angiotensin converting enzyme inhibitory activity in vitro."" Botanical Studies 52.1 (2011).",6.3767507096021,,,,,,,False,0.0345420316878685
TTW,0.61,"Xie, Jingli, et al. ""Antihypertensive effects, molecular docking study, and isothermal titration calorimetry assay of angiotensin I-converting enzyme inhibitory peptides from Chlorella vulgaris."" Journal of agricultural and food chemistry 66.6 (2018): 1359-1368.",6.21467016498923,,,,,,,False,0.03536164064519171
MMEPMVK,1.03,"Huang, Guan-Jhong, et al. ""Sweet potato storage root thioredoxin h2 and their peptic hydrolysates exhibited angiotensin converting enzyme inhibitory activity in vitro."" Botanical Studies 52.1 (2011).",5.98716277529483,,,,,,,False,0.035548026104817644
NGTWFEPP,0.63,"Ghassem, Masomeh, et al. ""Purification and identification of ACE inhibitory peptides from Haruan (Channa striatus) myofibrillar protein hydrolysate using HPLC–ESI-TOF MS/MS."" Food chemistry 129.4 (2011): 1770-1777.",6.20065945054642,,,,,,,False,0.03780046642541549
VFPS,0.46,"Matsui T, Li CH, Osajima Y. Preparation and characterization of novel bioactive peptides responsible for angiotensin I–converting enzyme inhibition from wheat germ. J Pept Sci 1999;5:289–97.",6.33724216831843,,,,,,,False,0.0400978333068443
LVRT,2470.0,"Hernández-Ledesma, Blanca, et al. ""Preparation of ovine and caprine β-lactoglobulin hydrolysates with ACE-inhibitory activity. Identification of active peptides from caprine β-lactoglobulin hydrolysed with thermolysin."" International Dairy Journal 12.10 (2002): 805-812.",2.60730304674033,,,,,,,False,0.04011654439831726
LGP,0.7,"Byun, Hee-Guk, and Se-Kwon Kim. ""Structure and activity of angiotensin I converting enzyme inhibitory peptides derived from Alaskan pollack skin."" BMB Reports 35.2 (2002): 239-243.",6.15490195998574,,,,,,,False,0.04114602997627085
LRP,0.27,"Lee, Dae Hyoung, et al. ""Isolation and characterization of a novel angiotensin I-converting enzyme inhibitory peptide derived from the edible mushroom Tricholoma giganteum."" Peptides 25.4 (2004): 621-627.",6.56863623584101,,,,,,,False,0.041273217418863604
MRW,0.6,"Puchalska, Patrycja, M. Luisa Marina Alegre, and M. Concepcion Garcia Lopez. ""Isolation and characterization of peptides with antihypertensive activity in foodstuffs."" Critical reviews in food science and nutrition 55.4 (2015): 521-551.",6.22184874961636,,,,,,,False,0.042703267872768944
VVYPW,0.36,"Sagardia, Iban, Rubén H. Roa-Ureta, and Carlos Bald. ""A new QSAR model, for angiotensin I-converting enzyme inhibitory oligopeptides."" Food chemistry 136.3-4 (2013): 1370-1376.",6.44369749923271,,,,,,,False,0.042760400569467526
LNLQDF,0.51,"Toopcham, Tidarat, Sittiruk Roytrakul, and Jirawat Yongsawatdigul. ""Characterization and identification of angiotensin I-converting enzyme (ACE) inhibitory peptides derived from tilapia using Virgibacillus halodenitrificans SK1-3-7 proteinases."" journal of functional foods 14 (2015): 435-444.",6.29242982390206,,,,,,,False,0.04322870783152915
DGL,2.16,"Matsui, Toshiro, et al. ""Gastrointestinal enzyme production of bioactive peptides from royal jelly protein and their antihypertensive ability in SHR."" The Journal of nutritional biochemistry 13.2 (2002): 80-86.",5.66554624884907,,,,,,,False,0.043676845038669615
EVPK,1.73,"Huang, Guan-Jhong, et al. ""Sweet potato storage root thioredoxin h2 and their peptic hydrolysates exhibited angiotensin converting enzyme inhibitory activity in vitro."" Botanical Studies 52.1 (2011).",5.76195389687121,,,,,,,False,0.044398501705285906
KAF,0.63,10830,6.20065945054642,,,,,,,False,0.044704094879476186
LPK,6540.0,10553,2.18442225167573,,,,,,,False,0.04496166749976856
LKP,0.32,"Iroyukifujita, H., K. Eiichiyokoyama, and Masaaki Yoshikawa. ""Classification and antihypertensive activity of angiotensin I‐converting enzyme inhibitory peptides derived from food proteins."" Journal of food science 65.4 (2000): 564-569.",6.49485002168009,,,,,,,False,0.04680855975756027
EA,10000.0,7623,2.0,,,,,,,False,0.04748481668462475
YVPHWNL,0.14,9910,6.85387196432176,,,,,,,False,0.04796877437098002
PG,17000.0,"Cheung, Hong-Son, et al. ""Binding of peptide substrates and inhibitors of angiotensin-converting enzyme. Importance of the COOH-terminal dipeptide sequence."" Journal of Biological Chemistry 255.2 (1980): 401-407.",1.76955107862173,,,,,,,False,0.048271187991715765
GLP,1.62,"Byun, Hee-Guk, and Se-Kwon Kim. ""Structure and activity of angiotensin I converting enzyme inhibitory peptides derived from Alaskan pollack skin."" BMB Reports 35.2 (2002): 239-243.",5.79048498545737,,,,,,,False,0.048875572227855546
GGY,1.3,"Saito Y, Wanezaki K, Kawato A, Imayasu S. Structure and activity of angiotensin I converting enzyme inhibitory peptides from sake and sake lees. Biosci Biotech Biochem 1994;58:1767–71.",5.88605664769316,,,,,,,False,0.04938592230789618
MA,152.0,"Sentandreu, Miguel Angel, and Fidel Toldrá. ""Oligopeptides hydrolysed by muscle dipeptidyl peptidases can generate angiotensin-I converting enzyme inhibitory dipeptides."" European Food Research and Technology 224.6 (2007): 785-790.",3.81815641205523,,,,,,,False,0.04968951339430414
TG,9900.0,"Cheung, Hong-Son, et al. ""Binding of peptide substrates and inhibitors of angiotensin-converting enzyme. Importance of the COOH-terminal dipeptide sequence."" Journal of Biological Chemistry 255.2 (1980): 401-407.",2.00436480540245,,,,,,,False,0.05083759742098967
GVYPH,2511.89,"Sagardia, Iban, Rubén H. Roa-Ureta, and Carlos Bald. ""A new QSAR model, for angiotensin I-converting enzyme inhibitory oligopeptides."" Food chemistry 136.3-4 (2013): 1370-1376.",2.59999938302362,,,,,,,False,0.05219648244943431
GG,8670.0,"Saito Y, Wanezaki K, Kawato A, Imayasu S. Structure and activity of angiotensin I converting enzyme inhibitory peptides from sake and sake lees. Biosci Biotech Biochem 1994;58:1767–71.",2.06198090252379,,,,,,,False,0.0544751095740033
LKYAT,0.09,9736,7.04575749056068,,,,,,,False,0.0547993913905376
DYVGN,0.72,"Matsui T, Li CH, Osajima Y. Preparation and characterization of novel bioactive peptides responsible for angiotensin I–converting enzyme inhibition from wheat germ. J Pept Sci 1999;5:289–97.",6.14266750356873,,,,,,,False,0.05590682915382552
CFCTKPC,1.31,"Huang, Guan-Jhong, et al. ""Sweet potato storage root defensin and its tryptic hydrolysates exhibited angiotensin converting enzyme inhibitory activity in vitro."" Bot Stud 52.3 (2011): 257-264.",5.88272870434424,,,,,, ,False,0.056418308489043605
FDART,1900.0,"Koyama, Masahiro, et al. ""Blood pressure-lowering peptides from neo-fermented buckwheat sprouts: A new approach to estimating ACE-inhibitory activity."" PloS one 9.9 (2014): e105802.",2.72124639904717,,,,,,,False,0.05646082461563164
GTG,5.54,"Wang, Yu-Kai, et al. ""Production of novel angiotensin I-converting enzyme inhibitory peptides by fermentation of marine shrimp Acetes chinensis with Lactobacillus fermentum SM 605."" Applied microbiology and biotechnology 79.5 (2008): 785-791.",5.25649023527157,,,,,,,False,0.0572416208812833
LRIPVA,0.38,"Sagardia, Iban, Rubén H. Roa-Ureta, and Carlos Bald. ""A new QSAR model, for angiotensin I-converting enzyme inhibitory oligopeptides."" Food chemistry 136.3-4 (2013): 1370-1376.",6.42021640338319,,,,,,,False,0.057911780927769066
GEP,0.31,7554,6.50863830616573,,,,,,,False,0.058008875472877114
GQ,7000.0,"Cheung, Hong-Son, et al. ""Binding of peptide substrates and inhibitors of angiotensin-converting enzyme. Importance of the COOH-terminal dipeptide sequence."" Journal of Biological Chemistry 255.2 (1980): 401-407.",2.15490195998574,,,,,,,False,0.060267285958295023
DG,12.3,"Wu, Jianping, and Xiaolin Ding. ""Characterization of inhibition and stability of soy-protein-derived angiotensin I-converting enzyme inhibitory peptides."" Food research international 35.4 (2002): 367-375.",4.9100948885606,,,,,,,False,0.06255168817067668
TNLDWY,1932.0,9810,2.71399287792053,,,,,,,False,0.06278356693479605
LRM,0.15,10045,6.82390874094432,,,,,,,False,0.06291902977050666
FKGRYYP,0.5,"Iroyukifujita, H., K. Eiichiyokoyama, and Masaaki Yoshikawa. ""Classification and antihypertensive activity of angiotensin I‐converting enzyme inhibitory peptides derived from food proteins."" Journal of food science 65.4 (2000): 564-569.",6.30102999566398,,,,,,,False,0.0630998847247994
VPAAPPK,0.45,"Ghassem, Masomeh, et al. ""Purification and identification of ACE inhibitory peptides from Haruan (Channa striatus) myofibrillar protein hydrolysate using HPLC–ESI-TOF MS/MS."" Food chemistry 129.4 (2011): 1770-1777.",6.34678748622466,,,,,,,False,0.06544925924643719
{THEA}{THEA}P,0.92,10579,6.03621217265444,,,,,,,False,0.06692756733110405
NG,12000.0,"Angiotensin converting enzyme inhibitors:Evolution of a new class of antihypertensive drugs (page 19). in:   Horovitz Z. P. (Ed.)(1981), Mechanisms of action and clinical implications, Urban & Schwarzenberg.",1.92081875395238,,,,,,,False,0.06726289142566914
FL,1.33,"Wu, Jianping, Rotimi E. Aluko, and Alister D. Muir. ""Purification of angiotensin I-converting enzyme-inhibitory peptides from the enzymatic hydrolysate of defatted canola meal."" Food chemistry 111.4 (2008): 942-950.",5.87614835903291,,,,,,,False,0.06745935343027108
TYLGS,0.86,"Matsui T, Li CH, Osajima Y. Preparation and characterization of novel bioactive peptides responsible for angiotensin I–converting enzyme inhibition from wheat germ. J Pept Sci 1999;5:289–97.",6.06550154875643,,,,,,,False,0.06838152101528577
FNQLAALNSAAYLQQQQLLPFSQLA,14.19,10353,4.84801760454253,,,,,,,False,0.06896744778521896
MAIPPKK,4785.0,"Miguel, Marta, et al. ""Vascular effects and antihypertensive properties of κ-casein macropeptide."" International Dairy Journal 17.12 (2007): 1473-1477.",2.32011805788714,,,,,,,False,0.06977749360638999
VVGAK,1.14,"Huang, Guan-Jhong, et al. ""Sweet potato storage root thioredoxin h2 and their peptic hydrolysates exhibited angiotensin converting enzyme inhibitory activity in vitro."" Botanical Studies 52.1 (2011).",5.94309514866353,,,,,,,False,0.07175608719511754
YGGY,3.4,"Saito Y, Wanezaki K, Kawato A, Imayasu S. Structure and activity of angiotensin I converting enzyme inhibitory peptides from sake and sake lees. Biosci Biotech Biochem 1994;58:1767–71. ",5.46852108295775,,,,,,,False,0.07223702343652558
PPHMLP,1.52,11491,5.81815641205523,,,,,,,False,0.07489016431554456
LNLQDFR,0.85,"Toopcham, Tidarat, Sittiruk Roytrakul, and Jirawat Yongsawatdigul. ""Characterization and identification of angiotensin I-converting enzyme (ACE) inhibitory peptides derived from tilapia using Virgibacillus halodenitrificans SK1-3-7 proteinases."" journal of functional foods 14 (2015): 435-444.",6.07058107428571,,,,,,,False,0.07679137014813962
IRW,0.6,"S. Bejjani and J. Wu, J. Agric. Food Chem., 2013, 61, 1487–
 1492; K. Majumder and J. Wu, Food Res. Int., 2010, 43, 1371–
 1378",6.22184874961636,,,,,,,False,0.07725054881662413
PR,4.1,"Saito Y, Wanezaki K, Kawato A, Imayasu S. Structure and activity of angiotensin I converting enzyme inhibitory peptides from sake and sake lees. Biosci Biotech Biochem 1994;58:1767–71.",5.38721614328026,,,,,,,False,0.07954683244785461
VLRP,0.89,"Hai‐Lun, H. E., et al. ""Analysis of novel angiotensin‐I‐converting enzyme inhibitory peptides from protease‐hydrolyzed marine shrimp Acetes chinensis."" Journal of peptide science: an official publication of the European Peptide Society 12.11 (2006): 726-733.",6.05060999335509,,,,,,,False,0.08065587577277528
PTHIAW,0.39,"Sagardia, Iban, Rubén H. Roa-Ureta, and Carlos Bald. ""A new QSAR model, for angiotensin I-converting enzyme inhibitory oligopeptides."" Food chemistry 136.3-4 (2013): 1370-1376.",6.4089353929735,,,,,,,False,0.08104388191361404
PVEPFTESQ,1.57,11143,5.80410034759077,,,,,,,False,0.0810597519220687
WTFR,6700.0,"Koyama, Masahiro, et al. ""Blood pressure-lowering peptides from neo-fermented buckwheat sprouts: A new approach to estimating ACE-inhibitory activity."" PloS one 9.9 (2014): e105802.",2.17392519729917,,,,,,,False,0.08145970058937714
MK,6498.6,"Anna, Torkova, et al. ""Effect of in vitro gastrointestinal digestion on bioactivity of poultry protein hydrolysate."" Current Research in Nutrition and Food Science Journal 4.Special Issue Nutrition in Conference October 2016 (2016): 77-86.",2.18718019378212,,,,,,,False,0.08152614634551338
GVHGV,2.0,"Sagardia, Iban, Rubén H. Roa-Ureta, and Carlos Bald. ""A new QSAR model, for angiotensin I-converting enzyme inhibitory oligopeptides."" Food chemistry 136.3-4 (2013): 1370-1376.",5.69897000433602,,,,,,,False,0.08247601571474382
GT,5700.0,"Cheung, Hong-Son, et al. ""Binding of peptide substrates and inhibitors of angiotensin-converting enzyme. Importance of the COOH-terminal dipeptide sequence."" Journal of Biological Chemistry 255.2 (1980): 401-407.",2.24412514432751,,,,,,,False,0.08332164242460895
ST,4.03,"Wang, Yu-Kai, et al. ""Production of novel angiotensin I-converting enzyme inhibitory peptides by fermentation of marine shrimp Acetes chinensis with Lactobacillus fermentum SM 605."" Applied microbiology and biotechnology 79.5 (2008): 785-791.",5.39469495385889,,,,,,,False,0.08365961127105766
PPP,1.86,"Wang, Xiaoyu, et al. ""QSAR study on angiotensin-converting enzyme inhibitor oligopeptides based on a novel set of sequence information descriptors."" Journal of molecular modeling 17.7 (2011): 1599-1606.",5.73048705578208,,,,,,,False,0.08514188072261945
GH,3100.0,"Cheung, Hong-Son, et al. ""Binding of peptide substrates and inhibitors of angiotensin-converting enzyme. Importance of the COOH-terminal dipeptide sequence."" Journal of Biological Chemistry 255.2 (1980): 401-407.",2.50863830616573,,,,,,,False,0.08615202433942577
TPWVPPFLQP,749.0,"Sagardia, Iban, Rubén H. Roa-Ureta, and Carlos Bald. ""A new QSAR model, for angiotensin I-converting enzyme inhibitory oligopeptides."" Food chemistry 136.3-4 (2013): 1370-1376.",3.12551818230053,,,,,,,False,0.08635563743754349
VLIVP,1.69,"Sagardia, Iban, Rubén H. Roa-Ureta, and Carlos Bald. ""A new QSAR model, for angiotensin I-converting enzyme inhibitory oligopeptides."" Food chemistry 136.3-4 (2013): 1370-1376.",5.77211329538633,,,,,,,False,0.08663921358169073
DA,3800.0,"Angiotensin converting enzyme inhibitors:Evolution of a new class of antihypertensive drugs (page 19). in:   Horovitz Z. P. (Ed.)(1981), Mechanisms of action and clinical implications, Urban & Schwarzenberg.",2.42021640338319,,,,,,,False,0.08674500722517509
LIWKL,0.47,"Ruiz-Giménez, Pedro, et al. ""Antihypertensive effect of a bovine lactoferrin pepsin hydrolysate: identification of novel active peptides."" Food Chemistry 131.1 (2012): 266-273.",6.32790214206428,,,,,,,False,0.08722532698952437
IVY,0.48,"Vladimir R.Vukic, In silico identification of milk antihypertensive di- and tripeptides involved in angiotensin I–converting enzyme inhibitory activity",6.31875876262441,,,,,,,False,0.08789230671673039
PGVLPVA,0.78,10107,6.10790539730952,,,,,,,False,0.0881796170935216
GPL,2.65,"Byun, Hee-Guk, and Se-Kwon Kim. ""Structure and activity of angiotensin I converting enzyme inhibitory peptides derived from Alaskan pollack skin."" BMB Reports 35.2 (2002): 239-243.",5.57675412606319,,,,,,,False,0.08899665631634637
VG,6318.0,"Nakahara, Takeharu, et al. ""Antihypertensive effect of peptide-enriched soy sauce-like seasoning and identification of its angiotensin I-converting enzyme inhibitory substances."" Journal of agricultural and food chemistry 58.2 (2009): 821-827.",2.19942037843087,,,,,,,False,0.09013119620720184
QG,7400.0,"Cheung, Hong-Son, et al. ""Binding of peptide substrates and inhibitors of angiotensin-converting enzyme. Importance of the COOH-terminal dipeptide sequence."" Journal of Biological Chemistry 255.2 (1980): 401-407.",2.13076828026902,,,,,,,False,0.09084019913775182
RYLGY,0.71,"del Mar Contreras, María, et al. ""Novel casein-derived peptides with antihypertensive activity."" International Dairy Journal 19.10 (2009): 566-573.",6.14874165128092,,,,,,,False,0.09093463680751784
KGYGGVSLPEW,0.7,"Tavares, Tânia, et al. ""Novel whey-derived peptides with inhibitory effect against angiotensin-converting enzyme: in vitro effect and stability to gastrointestinal enzymes."" Peptides 32.5 (2011): 1013-1019.",6.15490195998574,,,,,,,False,0.09105384157509808
VHW,0.9,"Xie, Jingli, et al. ""Antihypertensive effects, molecular docking study, and isothermal titration calorimetry assay of angiotensin I-converting enzyme inhibitory peptides from Chlorella vulgaris."" Journal of agricultural and food chemistry 66.6 (2018): 1359-1368.",6.04575749056068,,,,,,,False,0.09140337854713652
YVPHWDL,0.17,9909,6.76955107862173,,,,,,,False,0.09235272954952982
IHETT,2.7,"Balti, Rafik, et al. ""Nine novel angiotensin I-converting enzyme (ACE) inhibitory peptides from cuttlefish (Sepia officinalis) muscle protein hydrolysates and antihypertensive effect of the potent active peptide in spontaneously hypertensive rats."" Food chemistry 170 (2015): 519-525.",5.56863623584101,,,,,,,False,0.09575541867181288
YYA,2800.0,"Morinaga, Yae, et al. ""Chemical nature of a new antihypertensive peptide derived from jellyfish."" Food science and technology research 16.4 (2010): 333-340.",2.55284196865778,,,,,,,False,0.09609151099507876
LG,8800.0,"Cheung, Hong-Son, et al. ""Binding of peptide substrates and inhibitors of angiotensin-converting enzyme. Importance of the COOH-terminal dipeptide sequence."" Journal of Biological Chemistry 255.2 (1980): 401-407.",2.05551732784983,,,,,,,False,0.09781519355263242
PLG,4.74,"Byun, Hee-Guk, and Se-Kwon Kim. ""Structure and activity of angiotensin I converting enzyme inhibitory peptides derived from Alaskan pollack skin."" BMB Reports 35.2 (2002): 239-243.",5.32422165832592,,,,,,,False,0.09859064061782571
VYNEGLPAP,3100.0,"Liu, Xiaoyan, et al. ""Identification of angiotensin I‐converting enzyme inhibitors in peptides mixture of hydrolyzed red deer plasma with proteomic approach."" Chinese Journal of Chemistry 28.9 (2010): 1665-1672.",2.50863830616573,,,,,,,False,0.09924587062784511
MG,4800.0,"Cheung, Hong-Son, et al. ""Binding of peptide substrates and inhibitors of angiotensin-converting enzyme. Importance of the COOH-terminal dipeptide sequence."" Journal of Biological Chemistry 255.2 (1980): 401-407.",2.31875876262441,,,,,,,False,0.09955010224559649
LHP,1.6,"Cao, Wenhong, et al. ""Purification and identification of an ACE inhibitory peptide from the peptic hydrolysate of Acetes chinensis and its antihypertensive effects in spontaneously hypertensive rats."" International journal of food science & technology 45.5 (2010): 959-965.",5.79588001734408,,,,,,,False,0.10020490249914071
FHERDPTHIKWGD,2.8,"Hasan, Fida, et al. ""Production kinetics of angiotensin-I converting enzyme inhibitory peptides from bonito meat in artificial gastric juice."" Process Biochemistry 41.3 (2006): 505-511.",5.55284196865778,,,,,,,False,0.10044371929176674
VAGTWY,1682.0,"Pihlanto-Leppa¨la¨ A, Rokka T, Korhonen H. Angiotensin I converting enzyme inhibitory peptides derived from bovine milk proteins. Int Dairy J 1998;8:325–31.",2.77417400853811,,,,,,,False,0.10103815868952991
KE,18.0,"Vladimir R.Vukic, In silico identification of milk antihypertensive di- and tripeptides involved in angiotensin I–converting enzyme inhibitory activity",4.74472749489669,,,,,,,False,0.10128996557037592
IWW,489.14,10564,3.31056682078338,,,,,,,False,0.10490229365541248
YYAPF,4350.0,"Morinaga, Yae, et al. ""Chemical nature of a new antihypertensive peptide derived from jellyfish."" Food science and technology research 16.4 (2010): 333-340.",2.36151074304536,,,,,,,False,0.10643599768424433
GQP,3.2,"Lee, Dae Hyoung, et al. ""Isolation and characterization of a novel angiotensin I-converting enzyme inhibitory peptide derived from the edible mushroom Tricholoma giganteum."" Peptides 25.4 (2004): 621-627.",5.49485002168009,,,,,,,False,0.10645399754647553
ERKIKVYL,1.2,"Iroyukifujita, H., Eiichiyokoyama, K., & Yoshikawa, M. (2000). Classification and Antihypertensive Activity of Angiotensin I-Converting Enzyme Inhibitory Peptides Derived from Food Proteins. Journal of Food Science, 65(4), 564–569. doi:10.1111/j.1365-2621.2000.tb16049.x",5.92081875395238,,,,,,,False,0.10690617505033446
DP,2.15,"Wang, Yu-Kai, et al. ""Production of novel angiotensin I-converting enzyme inhibitory peptides by fermentation of marine shrimp Acetes chinensis with Lactobacillus fermentum SM 605."" Applied microbiology and biotechnology 79.5 (2008): 785-791.",5.6675615400844,,,,,,,False,0.10696522436522565
YVA,1.41253754462275,"Wu, Jianping, Rotimi E. Aluko, and Alister D. Muir. ""Purification of angiotensin I-converting enzyme-inhibitory peptides from the enzymatic hydrolysate of defatted canola meal."" Food chemistry 111.4 (2008): 942-950.",5.85,,,,,,,False,0.10862965787377506
IF,950.0,"Lafarga, Tomas, Paula O’Connor, and Maria Hayes. ""Identification of novel dipeptidyl peptidase-IV and angiotensin-I-converting enzyme inhibitory peptides from meat proteins using in silico analysis."" Peptides 59 (2014): 53-62.",3.02227639471115,,,,,,,False,0.10957903788390373
VL,3.9,"Hai‐Lun, H. E., et al. ""Analysis of novel angiotensin‐I‐converting enzyme inhibitory peptides from protease‐hydrolyzed marine shrimp Acetes chinensis."" Journal of peptide science: an official publication of the European Peptide Society 12.11 (2006): 726-733.",5.4089353929735,,,,,,,False,0.11004944826600124
IRY,0.6,"Majumder, Kaustav, and Jianping Wu. ""A new approach for identification of novel antihypertensive peptides from egg proteins by QSAR and bioinformatics."" Food Research International 43.5 (2010): 1371-1378.",6.22184874961636,,,,,,,False,0.11268697908690083
YYAP,2330.0,"Morinaga, Yae, et al. ""Chemical nature of a new antihypertensive peptide derived from jellyfish."" Food science and technology research 16.4 (2010): 333-340.",2.63264407897398,,,,,,,False,0.11281861115100328
FFGVRCVSP,0.4,"Iroyukifujita, H., K. Eiichiyokoyama, and Masaaki Yoshikawa. ""Classification and antihypertensive activity of angiotensin I‐converting enzyme inhibitory peptides derived from food proteins."" Journal of food science 65.4 (2000): 564-569.",6.39794000867204,,,,,,,False,0.11471873223711239
SKVYP,1.4,"Sagardia, Iban, Rubén H. Roa-Ureta, and Carlos Bald. ""A new QSAR model, for angiotensin I-converting enzyme inhibitory oligopeptides."" Food chemistry 136.3-4 (2013): 1370-1376.",5.85387196432176,,,,,,,False,0.11533758292645609
ALEP,6320.0,"Vecchi, B., and M. C. Añón. ""ACE inhibitory tetrapeptides from Amaranthus hypochondriacus 11S globulin."" Phytochemistry 70.7 (2009): 864-870.",2.19928292171762,,,,,,,False,0.11727498512446179
FQ,7400.0,"Koyama, Masahiro, et al. ""Blood pressure-lowering peptides from neo-fermented buckwheat sprouts: A new approach to estimating ACE-inhibitory activity."" PloS one 9.9 (2014): e105802.",2.13076828026902,,,,,,,False,0.11821728439548486
EG,10000.0,"Cheung, Hong-Son, et al. ""Binding of peptide substrates and inhibitors of angiotensin-converting enzyme. Importance of the COOH-terminal dipeptide sequence."" Journal of Biological Chemistry 255.2 (1980): 401-407.",2.0,,,,,,,False,0.11921814651011908
IIY,1.08,"Lafarga, Tomas, Paula O’Connor, and Maria Hayes. ""Identification of novel dipeptidyl peptidase-IV and angiotensin-I-converting enzyme inhibitory peptides from meat proteins using in silico analysis."" Peptides 59 (2014): 53-62.",5.96657624451305,,,,,,,False,0.11941463996030137
PTHIKWGD,0.9,"Kohama, Yasuhiro, et al. ""Potent synthetic analogues of angiotensin-converting enzyme inhibitor derived from tuna muscle."" Agricultural and biological chemistry 55.8 (1991): 2169-2170.",6.04575749056068,,,,,,,False,0.11968536738633978
YYAPFE,3770.0,"Morinaga, Yae, et al. ""Chemical nature of a new antihypertensive peptide derived from jellyfish."" Food science and technology research 16.4 (2010): 333-340.",2.42365864979421,,,,,,,False,0.12068132886531231
WLW,1783.0,10570,2.74884865682465,,,,,,,False,0.12128786643992412
LSP,1.7,"Lee, Dae Hyoung, et al. ""Isolation and characterization of a novel angiotensin I-converting enzyme inhibitory peptide derived from the edible mushroom Tricholoma giganteum."" Peptides 25.4 (2004): 621-627.",5.76955107862173,,,,,,,False,0.12161481791276857
LPG,5.73,"Byun, Hee-Guk, and Se-Kwon Kim. ""Structure and activity of angiotensin I converting enzyme inhibitory peptides derived from Alaskan pollack skin."" BMB Reports 35.2 (2002): 239-243.",5.24184537803261,,,,,,,False,0.12189815784207284
GVYPHK,1.6,"Matsumura, Nobuyasu, et al. ""Isolation and characterization of angiotensin I-converting enzyme inhibitory peptides derived from bonito bowels."" Bioscience, biotechnology, and biochemistry 57.10 (1993): 1743-1744.",5.79588001734408,,,,,,,False,0.12259135084714104
FALPC,690.9,"Lau, Ching Ching, et al. ""Novel angiotensin I-converting enzyme inhibitory peptides derived from edible mushroom Agaricus bisporus (JE Lange) Imbach identified by LC–MS/MS."" Food chemistry 148 (2014): 396-401.",3.16058480731611,,,,,,,False,0.1230988955111362
DLP,4.8,"Wu, Jianping, and Xiaolin Ding. ""Characterization of inhibition and stability of soy-protein-derived angiotensin I-converting enzyme inhibitory peptides."" Food research international 35.4 (2002): 367-375.",5.31875876262441,,,,,,,False,0.12324098510226696
ERGDT,3.7,"Gu, Yuchen, Kaustav Majumder, and Jianping Wu. ""QSAR-aided in silico approach in evaluation of food proteins as precursors of ACE inhibitory peptides."" Food Research International 44.8 (2011): 2465-2474.",5.43179827593301,,,,,,,False,0.12357291729776936
FV,6.6,"Tomatsu, Makoto, et al. ""Novel angiotensin I-converting enzyme inhibitory peptides derived from soya milk."" Food chemistry 136.2 (2013): 612-616.",5.18045606445813,,,,,,,False,0.12393981627793296
SGPLRPFF,1.57,11126,5.80410034759077,,,,,,,False,0.1239684429895844
LTF,2.7,"Matsui, Toshiro, et al. ""Gastrointestinal enzyme production of bioactive peptides from royal jelly protein and their antihypertensive ability in SHR."" The Journal of nutritional biochemistry 13.2 (2002): 80-86.",5.56863623584101,,,,,,,False,0.12407173738596701
GKKIATYQER,2.0,"KOHAMA, Yasuhiro, et al. ""Production of angiotensin-converting enzyme inhibitors from baker's yeast glyceraldehyde-3-phosphate dehydrogenase."" Journal of pharmacobio-dynamics 13.12 (1990): 766-771.",5.69897000433602,,,,,,,False,0.12581881731611969
KKIATYQER,2.0,"Sagardia, Iban, Rubén H. Roa-Ureta, and Carlos Bald. ""A new QSAR model, for angiotensin I-converting enzyme inhibitory oligopeptides."" Food chemistry 136.3-4 (2013): 1370-1376.",5.69897000433602,,,,,,,False,0.12605757952569152
SG,8500.0,"Cheung, Hong-Son, et al. ""Binding of peptide substrates and inhibitors of angiotensin-converting enzyme. Importance of the COOH-terminal dipeptide sequence."" Journal of Biological Chemistry 255.2 (1980): 401-407.",2.07058107428571,,,,,,,False,0.126183619117528
MKPWIQPK,300.0,"Maeno, Masafumi, Naoyuki Yamamoto, and Toshiaki Takano. ""Identification of an antihypertensive peptide from casein hydrolysate produced by a proteinase from Lactobacillus helveticus CP790."" Journal of Dairy Science 79.8 (1996): 1316-1321.",3.52287874528034,,,,,,,False,0.12713226142688258
IMY,1.8,"Matsui, Toshiro, et al. ""Gastrointestinal enzyme production of bioactive peptides from royal jelly protein and their antihypertensive ability in SHR."" The Journal of nutritional biochemistry 13.2 (2002): 80-86.",5.74472749489669,,,,,,,False,0.12772076544438998
GE,5400.0,"Cheung, Hong-Son, et al. ""Binding of peptide substrates and inhibitors of angiotensin-converting enzyme. Importance of the COOH-terminal dipeptide sequence."" Journal of Biological Chemistry 255.2 (1980): 401-407.",2.26760624017703,,,,,,,False,0.12786350876212157
MRWRD,2.09,"Sagardia, Iban, Rubén H. Roa-Ureta, and Carlos Bald. ""A new QSAR model, for angiotensin I-converting enzyme inhibitory oligopeptides."" Food chemistry 136.3-4 (2013): 1370-1376.",5.67985371388895,,,,,,,False,0.12799372146708957
AMKPWIQPK,600.0,"Maeno, Masafumi, Naoyuki Yamamoto, and Toshiaki Takano. ""Identification of an antihypertensive peptide from casein hydrolysate produced by a proteinase from Lactobacillus helveticus CP790."" Journal of Dairy Science 79.8 (1996): 1316-1321.",3.22184874961636,,,,,,,False,0.12825741524740433
SFQPQPLIYP,1.4,"Kohmura M, Nio N, Ariyoshi Y. Inhibition of angiotensin-converting enzyme by synthetic peptide fragments of various beta-caseins. Agric Biol Chem. 1990 Apr;54(4):1101-2. PMID: 1368548.",5.85387196432176,,,,,,,False,0.12838377495383488
TPLPLAGPPR,1.57,11157,5.80410034759077,,,,,,,False,0.12852122942601985
IW,2.0,"Keiichi Yokoyama, Hideo Chiba, Masaaki Yoshikawa. Peptide Inhibitors for Angiotensin I-Converting Enzyme from Thermolysin Digest of Dried Bonito. Bioscience, Biotechnology, and Biochemistry, Volume 56, 1992, Page 1541-1545.",5.69897000433602,,,,,,,False,0.12936073887103758
DVWY,690.0,"Koyama, Masahiro, et al. ""Blood pressure-lowering peptides from neo-fermented buckwheat sprouts: A new approach to estimating ACE-inhibitory activity."" PloS one 9.9 (2014): e105802.",3.16115090926275,,,,,,,False,0.13022296379961257
TQPKTNAIPY,3745.9,"Ruiz, José Ángel Gómez, Mercedes Ramos, and Isidra Recio. ""Angiotensin converting enzyme-inhibitory activity of peptides isolated from Manchego cheese. Stability under simulated gastrointestinal digestion."" International dairy journal 14.12 (2004): 1075-1080.",2.42644382066817,,,,,,,False,0.13045422439510979
ILP,2.5,"Matsumura N, Fujii M, Takeda Y, Sugita K, Shimizu T. Angiotensin I–converting enzyme inhibitory peptides derived from bonito bowels autolysate. Biosci Biotech Biochem 1993;57:695–7.",5.60205999132796,,,,,,,False,0.1321048259673706
VRSP,2018.27,"Wang, Zhan-Li, et al. ""A novel angiotensin I converting enzyme inhibitory peptide from the milk casein: virtual screening and docking studies."" Agricultural sciences in China 10.3 (2011): 463-467.",2.69502073519207,,,,,,,False,0.13324888656107792
IQW,1.6,"Majumder, Kaustav, and Jianping Wu. ""A new approach for identification of novel antihypertensive peptides from egg proteins by QSAR and bioinformatics."" Food Research International 43.5 (2010): 1371-1378.",5.79588001734408,,,,,,,False,0.13376050957768304
GPV,4.67,"Kim, Se-Kwon, et al. ""Angiotensin I converting enzyme inhibitory peptides purified from bovine skin gelatin hydrolysate."" Journal of Agricultural and Food Chemistry 49.6 (2001): 2992-2997.",5.33068311943389,,,,,,,False,0.133794943237835
LHLPGP,1.9,"Quirós, Ana, et al. ""Stability to gastrointestinal enzymes and structure–activity relationship of β-casein-peptides with antihypertensive properties."" Peptides 30.10 (2009): 1848-1853.",5.72124639904717,,,,,,,False,0.13380557455686673
AMKPW,580.0,"Maeno, Masafumi, Naoyuki Yamamoto, and Toshiaki Takano. ""Identification of an antihypertensive peptide from casein hydrolysate produced by a proteinase from Lactobacillus helveticus CP790."" Journal of Dairy Science 79.8 (1996): 1316-1321.",3.23657200643706,,,,,,,False,0.13404008020167502
CF,1.96,"Wu, Hao, et al. ""Purification and identification of novel angiotensin-I-converting enzyme inhibitory peptides from shark meat hydrolysate."" Process Biochemistry 43.4 (2008): 457-461.",5.70774392864352,,,,,,,False,0.13496343080049825
FYTGG,3.8,"Gu, Yuchen, Kaustav Majumder, and Jianping Wu. ""QSAR-aided in silico approach in evaluation of food proteins as precursors of ACE inhibitory peptides."" Food Research International 44.8 (2011): 2465-2474.",5.42021640338319,,,,,,,False,0.13566956703868988
LVLL,720.0,10026,3.14266750356873,,,,,,,False,0.13596031150609647
VW,2.5,"Ono, S., et al. ""Food Chemistry and Toxicology-Isolation of Peptides with Angiotensin I-converting Enzyme Inhibitory Effect Derived from Hydrolysate of Upstream Chum Salmon Muscle."" Journal of Food Science 68.5 (2003): 1611-1690.",5.60205999132796,,,,,,,False,0.13608444421228688
TPVVVPPFLQP,749.0,"Abubakar, Amhar, et al. ""Structural analysis of new antihypertensive peptides derived from cheese whey protein by proteinase K digestion."" Journal of Dairy Science 81.12 (1998): 3131-3138.",3.12551818230053,,,,,,,False,0.13743929338285377
RPKHPIKH,881.0,"Silva, S. V., Anne Pihlanto, and F. Xavier Malcata. ""Bioactive peptides in ovine and caprine cheeselike systems prepared with proteases from Cynara cardunculus."" Journal of dairy science 89.9 (2006): 3336-3344.",3.05502409158795,,,,,,,False,0.13788618538940592
PVVVPPFLQPEV,1.57,11141,5.80410034759077,,,,,,,False,0.13825554363959366
LQP,2.2,"Structures and Activity of Angiotensin-convertingEnzyme Inhibitors in anα-Zein HydrolysateShinsuke Miyoshi, Hiromi Ishikawa, Toshiyuki Kaneko, Fumio Fukui, HideokiTanaka & Susumu Maruyama ",5.65757731917779,,,,,,,False,0.140681824881175
VIPEL,799.24,"Escudero, Elizabeth, et al. ""Angiotensin I-converting enzyme inhibitory peptides generated from in vitro gastrointestinal digestion of pork meat."" Journal of Agricultural and Food Chemistry 58.5 (2010): 2895-2901.",3.09732278886546,,,,,,,False,0.14170148359418108
IKP,1.7,"Keiichi Yokoyama, Hideo Chiba, Masaaki Yoshikawa. Peptide Inhibitors for Angiotensin I-Converting Enzyme from Thermolysin Digest of Dried Bonito. Bioscience, Biotechnology, and Biochemistry, Volume 56, 1992, Page 1541-1545.",5.76955107862173,,,,,,,False,0.14173131390040267
PPFLQPEV,1.57,11140,5.80410034759077,,,,,,,False,0.1423616426400713
VRF,1.3,"Kalyan, Gazal, et al. ""Anti-hypertensive Peptide Predictor: A Machine Learning-Empowered Web Server for Prediction of Food-Derived Peptides with Potential Angiotensin-Converting Enzyme-I Inhibitory Activity."" Journal of Agricultural and Food Chemistry 69.49 (2021): 14995-15004.",5.88605664769316,,,,,,,False,0.14237850937543003
WVPSV,627.65,"Ren, Yan, et al. ""Isolation and characterization of angiotensin I-converting enzyme inhibitor peptides derived from porcine hemoglobin."" Scientific Research and Essays 6.30 (2011): 6262-6269.",3.20228246683916,,,,,,,False,0.1436693948550331
IFVPA,3.9,"Hai‐Lun, H. E., et al. ""Analysis of novel angiotensin‐I‐converting enzyme inhibitory peptides from protease‐hydrolyzed marine shrimp Acetes chinensis."" Journal of peptide science: an official publication of the European Peptide Society 12.11 (2006): 726-733.",5.4089353929735,,,,,,,False,0.14469426429278356
IRP,1.8,"Matsumura N, Fujii M, Takeda Y, Sugita K, Shimizu T. Angiotensin I–converting enzyme inhibitory peptides derived from bonito bowels autolysate. Biosci Biotech Biochem 1993;57:695–7.",5.74472749489669,,,,,,,False,0.14511231151712817
AKK,3.13,"Matsufuji, H., Matsui, T., Seki, E., Osajima, K., Nakashima, M., & Osajima, Y. (1994). Angiotensin I-converting Enzyme Inhibitory Peptides in an Alkaline Protease Hydrolyzate Derived from Sardine Muscle. Bioscience, Biotechnology, and Biochemistry, 58(12), 2244–2245. doi:10.1271/bbb.58.2244 ",5.50445566245355,,,,,,,False,0.1452028638846302
GKKVLQ,1.9,"Mito, Kazue, et al. ""Antihypertensive effect of angiotensin I-converting enzyme inhibitory peptides derived from hemoglobin."" European journal of pharmacology 304.1-3 (1996): 93-98.",5.72124639904717,,,,,,,False,0.14614649858131923
VPA,4.4,"Hai‐Lun, H. E., et al. ""Analysis of novel angiotensin‐I‐converting enzyme inhibitory peptides from protease‐hydrolyzed marine shrimp Acetes chinensis."" Journal of peptide science: an official publication of the European Peptide Society 12.11 (2006): 726-733.",5.35654732351381,,,,,,,False,0.1463702052826515
FQPQPLIYP,1.8,"Kohmura M, Nio N, Kubo K, Minoshma Y, Munekata E, Ariyosh E. Inhibition of angiotensin-converting enzyme by synthetic peptides of human_x0003_-casein. Agric Biol Chem 1989;53:2107–14.",5.74472749489669,,,,,,,False,0.14710092368777483
LIY,0.82,"Nakagomi K, Yamada R, Ebisu H, Sadkane Y, Akizawa T, Tanimura T. Isolation of acein-2, a novel angiotensin I–converting enzyme inhibitory peptide derived from a tryptic hydrolysate of human plasma. FEBS Lett 2000;467:235–8.",6.08618614761628,,,,,,,False,0.14744498521413701
DYG,2700.0,"Keiichi Yokoyama, Hideo Chiba, Masaaki Yoshikawa. Peptide Inhibitors for Angiotensin I-Converting Enzyme from Thermolysin Digest of Dried Bonito. Bioscience, Biotechnology, and Biochemistry, Volume 56, 1992, Page 1541-1545.",2.56863623584101,,,,,,,False,0.15008580621181608
IPP,5.0,"Vladimir R.Vukic, In silico identification of milk antihypertensive di- and tripeptides involved in angiotensin I–converting enzyme inhibitory activity",5.30102999566398,,,,,,,False,0.1515400768116851
TTENVLFG,3445.4,"Kang, Min-Gu, et al. ""Characterization of an antihypertensive angiotensin I-converting enzyme inhibitory peptide from the edible mushroom Hypsizygus marmoreus."" BioMed research international 2013 (2013).",2.46276035061896,,,,,,,False,0.151646715265581
DGVVYY,2.0,"Mimura, Tsutomu, et al. ""Angiotensin converting enzyme inhibitor."" U.S. Patent No. 5,098,887. 24 Mar. 1992.",5.69897000433602,,,,,,,False,0.1525049580946421
RS,61.0,"Sentandreu, Miguel Angel, and Fidel Toldrá. ""Oligopeptides hydrolysed by muscle dipeptidyl peptidases can generate angiotensin-I converting enzyme inhibitory dipeptides."" European Food Research and Technology 224.6 (2007): 785-790.",4.21467016498923,,,,,,,False,0.15256901248982382
FRY,393.13,11012,3.40546381362757,,,,,,,False,0.15318433125697217
VVLY,533.9,9706,3.27254007914209,,,,,,,False,0.1533371214058945
LHLPLR,1.8,"Quirós, Ana, et al. ""Stability to gastrointestinal enzymes and structure–activity relationship of β-casein-peptides with antihypertensive properties."" Peptides 30.10 (2009): 1848-1853.",5.74472749489669,,,,,,,False,0.1536984171070927
GVGAGY,4.07,"Sagardia, Iban, Rubén H. Roa-Ureta, and Carlos Bald. ""A new QSAR model, for angiotensin I-converting enzyme inhibitory oligopeptides."" Food chemistry 136.3-4 (2013): 1370-1376.",5.39040559077478,,,,,,,False,0.15389972978144378
HL,3200.0,7602,2.49485002168009,,,,,,,False,0.15584316966957729
IRPVQ,1.4,"Matsumura, Nobuyasu, et al. ""Isolation and characterization of angiotensin I-converting enzyme inhibitory peptides derived from bonito bowels."" Bioscience, biotechnology, and biochemistry 57.10 (1993): 1743-1744.",5.85387196432176,,,,,,,False,0.15614273451920666
VLDTDYK,946.0,"PIHLANTO-LEPPÄLÄ, A., KOSKINEN, P., PIILOLA, K., TUPASELA, T., & KORHONEN, H. (2000). Angiotensin I-converting enzyme inhibitory properties of whey protein digests: concentration and characterization of active peptides. Journal of Dairy Research, 67(1), 53–64. doi:10.1017/s0022029999003982",3.02410886359821,,,,,,,False,0.15747586058478694
QPQPLIYP,4.0,"Kohmura M, Nio N, Kubo K, Minoshma Y, Munekata E, Ariyosh E. Inhibition of angiotensin-converting enzyme by synthetic peptides of human_x0003_-casein. Agric Biol Chem 1989;53:2107–14.",5.39794000867204,,,,,,,False,0.15764588383819497
EY,2.68,"Wu, Hao, et al. ""Purification and identification of novel angiotensin-I-converting enzyme inhibitory peptides from shark meat hydrolysate."" Process Biochemistry 43.4 (2008): 457-461.",5.57186520597121,,,,,,,False,0.15912012973490758
AFPGS,3.7,"Gu, Yuchen, Kaustav Majumder, and Jianping Wu. ""QSAR-aided in silico approach in evaluation of food proteins as precursors of ACE inhibitory peptides."" Food Research International 44.8 (2011): 2465-2474.",5.43179827593301,,,,,,,False,0.15935968990065563
ETSGMKPTEL,2.15,10082,5.6675615400844,,,,,,,False,0.15944099171530116
LQSW,500.0,"Maeno, Masafumi, Naoyuki Yamamoto, and Toshiaki Takano. ""Identification of an antihypertensive peptide from casein hydrolysate produced by a proteinase from Lactobacillus helveticus CP790."" Journal of Dairy Science 79.8 (1996): 1316-1321.",3.30102999566398,,,,,,,False,0.1598909718865837
PVRGPF,2834.0,"Ruiz, José Ángel Gómez, Mercedes Ramos, and Isidra Recio. ""Angiotensin converting enzyme-inhibitory activity of peptides isolated from Manchego cheese. Stability under simulated gastrointestinal digestion."" International dairy journal 14.12 (2004): 1075-1080.",2.54760015408856,,,,,,,False,0.16033890092006609
LGALPF,2690.0,"Liu, Rui, et al. ""Characterization of ACE inhibitory peptides from Mactra veneriformis hydrolysate by nano-liquid chromatography electrospray ionization mass spectrometry (Nano-LC-ESI-MS) and molecular docking."" Marine drugs 12.7 (2014): 3917-3928.",2.57024771999759,,,,,,,False,0.16090805392624455
IQP,3.8,"Nogata, Yoichi, et al. ""Angiotensin I converting enzyme inhibitory peptides produced by autolysis reactions from wheat bran."" Journal of agricultural and food chemistry 57.15 (2009): 6618-6622.",5.42021640338319,,,,,,,False,0.16091079908783065
LKPTPEGN,2691.5,"Sagardia, Iban, Rubén H. Roa-Ureta, and Carlos Bald. ""A new QSAR model, for angiotensin I-converting enzyme inhibitory oligopeptides."" Food chemistry 136.3-4 (2013): 1370-1376.",2.57000561584829,,,,,,,False,0.1629079206148507
IEF,3.8,"Gu, Yuchen, Kaustav Majumder, and Jianping Wu. ""QSAR-aided in silico approach in evaluation of food proteins as precursors of ACE inhibitory peptides."" Food Research International 44.8 (2011): 2465-2474.",5.42021640338319,,,,,,,False,0.16353639605743142
ITMIAPSAF,3.24,"Eckert, Ewelina, et al. ""Egg-yolk protein by-product as a source of ACE-inhibitory peptides obtained with using unconventional proteinase from Asian pumpkin (Cucurbita ficifolia)."" Journal of proteomics 110 (2014): 107-116.",5.48945498979339,,,,,,,False,0.16370124023772917
AKYSY,1.5,"Saito, M., and H. Hagino. ""Antihypertensive effect of oligopeptides derived from nori (Porphyra yezoensis) and Ala-Lys-Tyr-Ser-Tyr in rats."" Journal of Japanese Society of Nutrition and Food Science (Japan) (2005).",5.82390874094432,,,,,,,False,0.16424773090962294
KW,1.63,"Vladimir R.Vukic, In silico identification of milk antihypertensive di- and tripeptides involved in angiotensin I–converting enzyme inhibitory activity",5.78781239559604,,,,,,,False,0.16433371800077373
IAYKP,2.93,"Sagardia, Iban, Rubén H. Roa-Ureta, and Carlos Bald. ""A new QSAR model, for angiotensin I-converting enzyme inhibitory oligopeptides."" Food chemistry 136.3-4 (2013): 1370-1376.",5.53313237964589,,,,,,,False,0.16541474411223497
LAPSLPGKPKPD,1.97,"Eckert, Ewelina, et al. ""Egg-yolk protein by-product as a source of ACE-inhibitory peptides obtained with using unconventional proteinase from Asian pumpkin (Cucurbita ficifolia)."" Journal of proteomics 110 (2014): 107-116.",5.70553377383841,,,,,,,False,0.16605281419752646
ALPM,928.0,"Murakami, M., et al. ""Structural analysis of a new anti-hypertensive peptide (β-lactosin B) isolated from a commercial whey product."" Journal of dairy science 87.7 (2004): 1967-1974.",3.03245202378114,,,,,,,False,0.16729688195544157
AYEES,6.5,"Gu, Yuchen, Kaustav Majumder, and Jianping Wu. ""QSAR-aided in silico approach in evaluation of food proteins as precursors of ACE inhibitory peptides."" Food Research International 44.8 (2011): 2465-2474.",5.18708664335714,,,,,,,False,0.1673134867483843
ALLVP,4.88,"Ren, Yanrong, et al. ""Integrating Computational Modeling and Experimental Assay to Discover New Potent ACE‐Inhibitory Peptides."" Molecular informatics 33.1 (2014): 43-52.",5.31158017799729,,,,,,,False,0.1688486891646605
DELQDKIHPFAQTQSLVYPFPGPIPNS,4.0,"Yamamoto, Naoyuki, Atsuko Akino, and Toshiaki Takano. ""Antihypertensive effect of the peptides derived from casein by an extracellular proteinase from Lactobacillus helveticus CP790."" Journal of dairy science 77.4 (1994): 917-922.",5.39794000867204,,,,,,,False,0.1691041737278364
RADFY,1350.0,9813,2.86966623150499,,,,,,,False,0.16983063942006235
VLPF,5.78,"Zhang, Y., Dai, Z., Zhao, X., Chen, C., Li, S., Meng, Y., ... & Xue, Y. (2023). Deep learning drives efficient discovery of novel antihypertensive peptides from soybean protein isolate. Food Chemistry, 404, 134690.",5.23807216157947,,,,,,,False,0.1698765537461625
LPF,10.59,"Majumder, K., & Wu, J. (2009). Angiotensin I Converting Enzyme Inhibitory Peptides from Simulatedin VitroGastrointestinal Digestion of Cooked Eggs. Journal of Agricultural and Food Chemistry, 57(2), 471–477. doi:10.1021/jf8028557",4.97510403989252,,,,,,,False,0.170629925842497
IWHHTFYNELR,697.0,10778,3.15676722190199,,,,,,,False,0.17157221896657063
KVEGDLK,4.66,9823,5.33161408331,,,,,,,False,0.17389845477638075
PIW,590.0,"Xie, Jingli, et al. ""Antihypertensive effects, molecular docking study, and isothermal titration calorimetry assay of angiotensin I-converting enzyme inhibitory peptides from Chlorella vulgaris."" Journal of agricultural and food chemistry 66.6 (2018): 1359-1368.",3.22914798835786,,,,,,,False,0.17445351193702816
VLPIPQ,5300.0,"Kohmura M, Nio N, Kubo K, Minoshma Y, Munekata E, Ariyosh E. Inhibition of angiotensin-converting enzyme by synthetic peptides of human_x0003_-casein. Agric Biol Chem 1989;53:2107–14.",2.27572413039921,,,,,,,False,0.17536553973978175
GA,2000.0,"Vladimir R.Vukic, In silico identification of milk antihypertensive di- and tripeptides involved in angiotensin I–converting enzyme inhibitory activity",2.69897000433602,,,,,,,False,0.17652518818813312
LAHKAL,621.0,"Pihlanto-Leppa¨la¨ A, Rokka T, Korhonen H. Angiotensin I converting enzyme inhibitory peptides derived from bovine milk proteins. Int Dairy J 1998;8:325–31.",3.20690839982342,,,,,,,False,0.17665645251853426
VFPGCPET,734.8,10532,3.13383085236623,,,,,,,False,0.17665946830121185
ASYDTKF,920.0,"Kodera, Tomohiro, and Noriki Nio. ""Identification of an angiotensin I‐converting enzyme inhibitory peptides from protein hydrolysates by a soybean protease and the antihypertensive effects of hydrolysates in 4 spontaneously hypertensive model rats."" Journal of food science 71.3 (2006): C164-C173.",3.03621217265445,,,,,,,False,0.1778116631509749
TKY,2.3,"Matsui, Toshiro, et al. ""Gastrointestinal enzyme production of bioactive peptides from royal jelly protein and their antihypertensive ability in SHR."" The Journal of nutritional biochemistry 13.2 (2002): 80-86.",5.63827216398241,,,,,,,False,0.1778643822475614
LAP,3.5,"Iroyukifujita, H., Eiichiyokoyama, K., & Yoshikawa, M. (2000). Classification and Antihypertensive Activity of Angiotensin I-Converting Enzyme Inhibitory Peptides Derived from Food Proteins. Journal of Food Science, 65(4), 564–569. doi:10.1111/j.1365-2621.2000.tb16049.x",5.45593195564972,,,,,,,False,0.17831111832097069
YAKPVA,647.0,"Miguel, Marta, et al. ""Changes in arterial blood pressure after single oral administration of milk‐casein‐derived peptides in spontaneously hypertensive rats."" Molecular nutrition & food research 54.10 (2010): 1422-1427.",3.1890957193313,,,,,,,False,0.18034623980399092
VAW,2.86,Purification and characterization of angiotensin I-converting enzyme inhibitory peptides from enzymatic hydrolysate of hen egg white lysozyme,5.54363396687096,,,,,,,False,0.1836662359274114
AMY,5.86,"Yang, Runqiang, et al. ""Accumulation and identification of angiotensin-converting enzyme inhibitory peptides from wheat germ."" Journal of agricultural and food chemistry 59.8 (2011): 3598-3605.",5.23210238398191,,,,,,,False,0.18381493217743222
KVLPVPE,5.0,"Gobbetti, Marco, et al. ""Production of Angiotensin-I-converting-enzyme-inhibitory peptides in fermented milks started by Lactobacillus delbrueckiisubsp. bulgaricus SS1 and Lactococcus lactissubsp. cremoris FT4."" Appl. Environ. Microbiol. 66.9 (2000): 3898-3904.",5.30102999566398,,,,,,,False,0.18385742466364088
YETGNGIK,3.69,9846,5.43297363384094,,,,,,,False,0.184038035072614
IPF,8.78,"Majumder, K., & Wu, J. (2009). Angiotensin I Converting Enzyme Inhibitory Peptides from Simulatedin VitroGastrointestinal Digestion of Cooked Eggs. Journal of Agricultural and Food Chemistry, 57(2), 471–477. doi:10.1021/jf8028557",5.0565054840939,,,,,,,False,0.18579027183958918
LHLPLP,3.7,"Quirós, Ana, et al. ""Stability to gastrointestinal enzymes and structure–activity relationship of β-casein-peptides with antihypertensive properties."" Peptides 30.10 (2009): 1848-1853.",5.43179827593301,,,,,,,False,0.18610342275779226
IWHHTF,2.5,"Yamamoto, N., Ejiri, M., & Mizuno, S. (2003). Biogenic Peptides and Their Potential Use. Current Pharmaceutical Design, 9(16), 1345–1355. doi:10.2174/1381612033454801",5.60205999132796,,,,,,,False,0.1868712440381991
RLSGQTIEVTSEYLFRH,1079.0,"Jang, Jeong-Hoon, et al. ""Characterisation of a new antihypertensive angiotensin I-converting enzyme inhibitory peptide from Pleurotus cornucopiae."" Food chemistry 127.2 (2011): 412-418.",2.96697855531709,,,,,,,False,0.18696202370905923
MAP,0.8,"Puchalska, Patrycja, M. Luisa Marina Alegre, and M. Concepcion Garcia Lopez. ""Isolation and characterization of peptides with antihypertensive activity in foodstuffs."" Critical reviews in food science and nutrition 55.4 (2015): 521-551.",6.09691001300806,,,,,,,False,0.1875848005803727
FQKVVAK,2.1,"Mito, Kazue, et al. ""Antihypertensive effect of angiotensin I-converting enzyme inhibitory peptides derived from hemoglobin."" European journal of pharmacology 304.1-3 (1996): 93-98.",5.67778070526608,,,,,,,False,0.1881956834073102
VELYP,5.22,"Balti, Rafik, et al. ""Nine novel angiotensin I-converting enzyme (ACE) inhibitory peptides from cuttlefish (Sepia officinalis) muscle protein hydrolysates and antihypertensive effect of the potent active peptide in spontaneously hypertensive rats."" Food chemistry 170 (2015): 519-525.",5.28232949699774,,,,,,,False,0.18844768988361232
MYPGIA,641.0,"Escudero, Elizabeth, et al. ""Angiotensin I-converting enzyme inhibitory peptides generated from in vitro gastrointestinal digestion of pork meat."" Journal of Agricultural and Food Chemistry 58.5 (2010): 2895-2901.",3.19314197048118,,,,,,,False,0.18944707661465188
YRPY,320.0,"Matsumura N, Fujii M, Takeda Y, Sugita K, Shimizu T. Angiotensin I–converting enzyme inhibitory peptides derived from bonito bowels autolysate. Biosci Biotech Biochem 1993;57:695–7.",3.49485002168009,,,,,,,False,0.18963990518854926
FFFPK,510.67,10776,3.29185965461195,,,,,,,False,0.19030280876874206
LHLPYP,2.3,"Quirós, Ana, et al. ""Stability to gastrointestinal enzymes and structure–activity relationship of β-casein-peptides with antihypertensive properties."" Peptides 30.10 (2009): 1848-1853.",5.63827216398241,,,,,,,False,0.1918242898461118
AIP,670.0,"Vladimir R.Vukic, In silico identification of milk antihypertensive di- and tripeptides involved in angiotensin I–converting enzyme inhibitory activity",3.17392519729917,,,,,,,False,0.19258160492848767
FKF,474.62,11010,3.32365396500905,,,,,,,False,0.19298633533147086
WHP,4.8,"Tomatsu, Makoto, et al. ""Novel angiotensin I-converting enzyme inhibitory peptides derived from soya milk."" Food chemistry 136.2 (2013): 612-616.",5.31875876262441,,,,,,,False,0.19325132422969538
TVPY,2.0,"Matsui T, Li CH, Osajima Y. Preparation and characterization of novel bioactive peptides responsible for angiotensin I–converting enzyme inhibition from wheat germ. J Pept Sci 1999;5:289–97.",5.69897000433602,,,,,,,False,0.19328757298718888
ERYPI,8.76,"Majumder, K., & Wu, J. (2009). Angiotensin I Converting Enzyme Inhibitory Peptides from Simulatedin VitroGastrointestinal Digestion of Cooked Eggs. Journal of Agricultural and Food Chemistry, 57(2), 471–477. doi:10.1021/jf8028557",5.05749589383192,,,,,,,False,0.19355273722391295
IFVPAF,3.4,"Hai‐Lun, H. E., et al. ""Analysis of novel angiotensin‐I‐converting enzyme inhibitory peptides from protease‐hydrolyzed marine shrimp Acetes chinensis."" Journal of peptide science: an official publication of the European Peptide Society 12.11 (2006): 726-733.",5.46852108295775,,,,,,,False,0.19412159040344198
TAP,3.5,"Kohmura, Masanori, Noriki Nio, and Yasuo Ariyoshi. ""Inhibition of angiotensin-converting enzyme by synthetic peptide fragments of human κ-casein."" Agricultural and biological chemistry 54.3 (1990): 835-836.",5.45593195564972,,,,,,,False,0.19602726147822594
VPW,383.0,"Xie, Jingli, et al. ""Antihypertensive effects, molecular docking study, and isothermal titration calorimetry assay of angiotensin I-converting enzyme inhibitory peptides from Chlorella vulgaris."" Journal of agricultural and food chemistry 66.6 (2018): 1359-1368.",3.41680122603138,,,,,,,False,0.19602965112085854
VADVYVGK,2.82,"Sagardia, Iban, Rubén H. Roa-Ureta, and Carlos Bald. ""A new QSAR model, for angiotensin I-converting enzyme inhibitory oligopeptides."" Food chemistry 136.3-4 (2013): 1370-1376.",5.54975089168064,,,,,,,False,0.19672086772950972
IY,3.7,"Marczak, Ewa D., et al. ""New antihypertensive peptides isolated from rapeseed."" Peptides 24.6 (2003): 791-798.",5.43179827593301,,,,,,,False,0.19674012002519453
DIGYY,3.4,"Matsui T, Li CH, Osajima Y. Preparation and characterization of novel bioactive peptides responsible for angiotensin I–converting enzyme inhibition from wheat germ. J Pept Sci 1999;5:289–97.",5.46852108295775,,,,,,,False,0.19697071042920214
HHL,5.429,"Puchalska, Patrycja, M. Luisa Marina Alegre, and M. Concepcion Garcia Lopez. ""Isolation and characterization of peptides with antihypertensive activity in foodstuffs."" Critical reviews in food science and nutrition 55.4 (2015): 521-551.",5.26528015834432,,,,,,,False,0.19706154616047675
DL,2000.0,"Ichimura, Toshiaki, et al. ""Angiotensin I-converting enzyme inhibitory activity and insulin secretion stimulative activity of fermented fish sauce."" Journal of bioscience and bioengineering 96.5 (2003): 496-499.",2.69897000433602,,,,,,,False,0.19818700009137938
LVNDLVTPVFDNL,2743.9,"Kang, Min-Gu, et al. ""Characterization of an antihypertensive angiotensin I-converting enzyme inhibitory peptide from the edible mushroom Hypsizygus marmoreus."" BioMed research international 2013 (2013).",2.56163172031207,,,,,,,False,0.19828538697913964
MNVKHWPWMK,228.0,"Terashima, Masaaki, et al. ""Novel angiotensin-converting enzyme (ACE) inhibitory peptides derived from boneless chicken leg meat."" Journal of agricultural and food chemistry 58.12 (2010): 7432-7436.",3.64206515299955,,,,,,,False,0.19897408968067243
IAP,2.7,"Puchalska, Patrycja, M. Luisa Marina Alegre, and M. Concepcion Garcia Lopez. ""Isolation and characterization of peptides with antihypertensive activity in foodstuffs."" Critical reviews in food science and nutrition 55.4 (2015): 521-551.",5.56863623584101,,,,,,,False,0.19907110540309803
GAAELPCSADWW,0.95,"Qian, Zhong-Ji, et al. ""Antihypertensive effect of an angiotensin I-converting enzyme inhibitory peptide from bullfrog (Rana catesbeiana Shaw) muscle protein in spontaneously hypertensive rats."" Process Biochemistry 42.10 (2007): 1443-1448.",6.02227639471115,,,,,,,False,0.20129591261408003
FSY,2.2,"Gildberg, Asbjørn, et al. ""Angiotensin I-converting enzyme inhibitory activity in a hydrolysate of proteins from Northern shrimp (Pandalus borealis) and identification of two novel inhibitory tri-peptides."" Process biochemistry 46.11 (2011): 2205-2209.",5.65757731917779,,,,,,,False,0.2018697980531884
AG,2511.88643150958,"Wu, Jianping, Rotimi E. Aluko, and Alister D. Muir. ""Purification of angiotensin I-converting enzyme-inhibitory peptides from the enzymatic hydrolysate of defatted canola meal."" Food chemistry 111.4 (2008): 942-950.",2.6,,,,,,,False,0.2036949384712206
ASGPINFT,975.0,"Escudero, E., Mora, L., Fraser, P. D., Aristoy, M.-C., Arihara, K., & Toldrá, F. (2013). Purification and Identification of antihypertensive peptides in Spanish dry-cured ham. Journal of Proteomics, 78, 499–507. doi:10.1016/j.jprot.2012.10.019",3.01099538430146,,,,,,,False,0.20433466959392624
VRP,2.2,"Matsumura N, Fujii M, Takeda Y, Sugita K, Shimizu T. Angiotensin I–converting enzyme inhibitory peptides derived from bonito bowels autolysate. Biosci Biotech Biochem 1993;57:695–7.",5.65757731917779,,,,,,,False,0.20439967536730902
AMPKPW,580.0,"Sagardia, Iban, Rubén H. Roa-Ureta, and Carlos Bald. ""A new QSAR model, for angiotensin I-converting enzyme inhibitory oligopeptides."" Food chemistry 136.3-4 (2013): 1370-1376.",3.23657200643706,,,,,,,False,0.20552904618267462
RNDDLNYIQ,3.72,"Eckert, Ewelina, et al. ""Egg-yolk protein by-product as a source of ACE-inhibitory peptides obtained with using unconventional proteinase from Asian pumpkin (Cucurbita ficifolia)."" Journal of proteomics 110 (2014): 107-116.",5.4294570601181,,,,,,,False,0.2059539680877663
LALR,1268.0,"Liu, Rui, et al. ""Characterization of ACE inhibitory peptides from Mactra veneriformis hydrolysate by nano-liquid chromatography electrospray ionization mass spectrometry (Nano-LC-ESI-MS) and molecular docking."" Marine drugs 12.7 (2014): 3917-3928.",2.89688074645429,,,,,,,False,0.20639140851371052
LKPNM,2.4,"Iroyukifujita, H., K. Eiichiyokoyama, and Masaaki Yoshikawa. ""Classification and antihypertensive activity of angiotensin I‐converting enzyme inhibitory peptides derived from food proteins."" Journal of food science 65.4 (2000): 564-569.",5.61978875828839,,,,,,,False,0.20655281420169785
EKVNELSK,5998.0,9539,2.22199353857649,,,,,,,False,0.2077334820394519
PSFQPQPLIYP,2.7,"Kohmura M, Nio N, Kubo K, Minoshma Y, Munekata E, Ariyosh E. Inhibition of angiotensin-converting enzyme by synthetic peptides of human_x0003_-casein. Agric Biol Chem 1989;53:2107–14.",5.56863623584101,,,,,,,False,0.2089757338792994
VAP,2.0,"Vladimir R.Vukic, In silico identification of milk antihypertensive di- and tripeptides involved in angiotensin I–converting enzyme inhibitory activity",5.69897000433602,,,,,,,False,0.20900693440289586
DVITGA,900.0,"Escudero, E., Mora, L., Fraser, P. D., Aristoy, M.-C., Arihara, K., & Toldrá, F. (2013). Purification and Identification of antihypertensive peptides in Spanish dry-cured ham. Journal of Proteomics, 78, 499–507. doi:10.1016/j.jprot.2012.10.019",3.04575749056068,,,,,,,False,0.20995525509360338
KG,3200.0,"Cheung, Hong-Son, et al. ""Binding of peptide substrates and inhibitors of angiotensin-converting enzyme. Importance of the COOH-terminal dipeptide sequence."" Journal of Biological Chemistry 255.2 (1980): 401-407.",2.49485002168009,,,,,,,False,0.2109545066988401
YAEERYPIL,4.7,"Miguel, M., et al. ""Effect of simulated gastrointestinal digestion on the antihypertensive properties of ACE-inhibitory peptides derived from ovalbumin."" Journal of Agricultural and Food Chemistry 54.3 (2006): 726-731.",5.32790214206428,,,,,,,False,0.2113790830721995
QTQYTDAPSFSDIPNPIGSENSEKTTMPLW,346.0,"Yamamoto N, Akino A, Takano T. Antihypertensive effect of the peptides derived from casein by anextracellular proteinase from Lactobacillus helveticus CP790. J Dairy Sci 1994;77:917–22.",3.46092390120722,,,,,,,False,0.21169198064398048
KVLPVP,5.0,"Sagardia, Iban, Rubén H. Roa-Ureta, and Carlos Bald. ""A new QSAR model, for angiotensin I-converting enzyme inhibitory oligopeptides."" Food chemistry 136.3-4 (2013): 1370-1376.",5.30102999566398,,,,,,,False,0.21204660458244587
PTHVAW,1.51,"Sagardia, Iban, Rubén H. Roa-Ureta, and Carlos Bald. ""A new QSAR model, for angiotensin I-converting enzyme inhibitory oligopeptides."" Food chemistry 136.3-4 (2013): 1370-1376.",5.82102305270683,,,,,,,False,0.21214564889265747
GKV,3.89045144994281,"Wu, Jianping, Rotimi E. Aluko, and Alister D. Muir. ""Purification of angiotensin I-converting enzyme-inhibitory peptides from the enzymatic hydrolysate of defatted canola meal."" Food chemistry 111.4 (2008): 942-950.",5.41,,,,,,,False,0.2125397779690937
LKKISQ,2.6,"López-Expósito, Iván, et al. ""Casein hydrolysates as a source of antimicrobial, antioxidant and antihypertensive peptides."" Le Lait 87.4-5 (2007): 241-249.",5.58502665202918,,,,,,,False,0.21259539557064133
KVHSSIQSQPQAFT,1001.0,"ACE inhibitory peptides. in: Nutraceutical proteins and peptides in health and disease. Mine Y., Shahidi F. (Eds.), CRC Taylor & Francis Group, Boca Raton, London, New York, 269-315.",2.99956592252068,,,,,,,False,0.21301256023364795
QPLIYP,3.6,"Kohmura M, Nio N, Kubo K, Minoshma Y, Munekata E, Ariyosh E. Inhibition of angiotensin-converting enzyme by synthetic peptides of human_x0003_-casein. Agric Biol Chem 1989;53:2107–14.",5.44369749923271,,,,,,,False,0.21319191640081422
FNF,6.9,"Matsui, Toshiro, et al. ""Gastrointestinal enzyme production of bioactive peptides from royal jelly protein and their antihypertensive ability in SHR."" The Journal of nutritional biochemistry 13.2 (2002): 80-86.",5.16115090926274,,,,,,,False,0.21403118690471395
KVREGT,7.59,"Sagardia, Iban, Rubén H. Roa-Ureta, and Carlos Bald. ""A new QSAR model, for angiotensin I-converting enzyme inhibitory oligopeptides."" Food chemistry 136.3-4 (2013): 1370-1376.",5.11975822410452,,,,,,,False,0.21513456677919143
VSFPVL,2.57,"Zhang, Y., Dai, Z., Zhao, X., Chen, C., Li, S., Meng, Y., ... & Xue, Y. (2023). Deep learning drives efficient discovery of novel antihypertensive peptides from soybean protein isolate. Food Chemistry, 404, 134690.",5.59006687666871,,,,,,,False,0.21534470985366302
LY,6.4,"Matsui T, Li CH, Osajima Y. Preparation and characterization of novel bioactive peptides responsible for angiotensin I–converting enzyme inhibition from wheat germ. J Pept Sci 1999;5:289–97.",5.19382002601611,,,,,,,False,0.21578695595524394
VHSSIQSQPQAFT,1001.0,"ACE inhibitory peptides. in: Nutraceutical proteins and peptides in health and disease. Mine Y., Shahidi F. (Eds.), CRC Taylor & Francis Group, Boca Raton, London, New York, 269-315.",2.99956592252068,,,,,,,False,0.21600317080980788
VK,12.8824955169313,"Wu, Jianping, Rotimi E. Aluko, and Alister D. Muir. ""Purification of angiotensin I-converting enzyme-inhibitory peptides from the enzymatic hydrolysate of defatted canola meal."" Food chemistry 111.4 (2008): 942-950.",4.89,,,,,,,False,0.21706081760174845
LGFPTTKTYFPHF,4.92,"Yu, Yike, et al. ""Isolation and characterization of angiotensin I-converting enzyme inhibitory peptides derived from porcine hemoglobin."" Peptides 27.11 (2006): 2950-2956.",5.30803489723264,,,,,,,False,0.21718349485540703
FLKPLFNAALKLLP,22.19,"Mojallal-Tabatabaei, Zahra, et al. ""ACE-Inhibitory and antioxidant activity of temporin-ra peptide: biochemical characterization and molecular modeling study."" International Journal of Peptide Research and Therapeutics 20.4 (2014): 493-500.",4.65384269776799,,,,,,,False,0.2183068029187659
GSAGY,950.0,9095,3.02227639471115,,,,,,,False,0.21860989461107208
QV,26.82,"Yang, Runqiang, et al. ""Accumulation and identification of angiotensin-converting enzyme inhibitory peptides from wheat germ."" Journal of agricultural and food chemistry 59.8 (2011): 3598-3605.",4.57154122648442,,,,,,,False,0.21877200357640494
IDPNG,8.4,"Gu, Yuchen, Kaustav Majumder, and Jianping Wu. ""QSAR-aided in silico approach in evaluation of food proteins as precursors of ACE inhibitory peptides."" Food Research International 44.8 (2011): 2465-2474.",5.07572071393812,,,,,,,False,0.22130270928952017
GWAP,3.86,"Matsui T, Matsufuji H, Seki E, Osajima K, Nakashima M, Osajima Y. Angiotensin I–converting enzyme inhibitory peptides in an alkaline protease hydrolyzate derived from sardine muscle. Biosci Biotech Biochem 1994;58:2244–5.",5.41341269532825,,,,,,,False,0.22133010464777653
FG,3700.0,"Cheung, Hong-Son, et al. ""Binding of peptide substrates and inhibitors of angiotensin-converting enzyme. Importance of the COOH-terminal dipeptide sequence."" Journal of Biological Chemistry 255.2 (1980): 401-407.",2.43179827593301,,,,,,,False,0.22143911587606652
HWTTQR,1740.0,"Wijesekara, Isuru, et al. ""Purification and identification of antihypertensive peptides from seaweed pipefish (Syngnathus schlegeli) muscle protein hydrolysate."" Food research international 44.3 (2011): 703-707.",2.7594507517174,,,,,,,False,0.22149557409556694
GK,30.0,"Vladimir R.Vukic, In silico identification of milk antihypertensive di- and tripeptides involved in angiotensin I–converting enzyme inhibitory activity",4.52287874528034,,,,,,,False,0.2226173736121973
WL,10.0,"D. Lunow, S. Kaiser, S. Brückner, A. Gotsch and T. Henle,
 Eur. Food Res. Technol., 2013, 237, 27–37.",5.0,,,,,,,False,0.22288668528520142
RVFDGAV,1006.0,9814,2.99740201928009,,,,,,,False,0.22353744794074812
LALPP,790.0,"Kohmura M, Nio N, Kubo K, Minoshma Y, Munekata E, Ariyosh E. Inhibition of angiotensin-converting enzyme by synthetic peptides of human_x0003_-casein. Agric Biol Chem 1989;53:2107–14.",3.10237290870956,,,,,,,False,0.22366169912458925
HERDPTHIKWGD,8.0,"Hasan, Fida, et al. ""Production kinetics of angiotensin-I converting enzyme inhibitory peptides from bonito meat in artificial gastric juice."" Process Biochemistry 41.3 (2006): 505-511.",5.09691001300806,,,,,,,False,0.2238420140884416
ARY,1.3,10043,5.88605664769316,,,,,,,False,0.2238719788938135
WWI,752.91,10569,3.1232569346086,,,,,,,False,0.22445296430959766
LHLPLL,3.5,"Quirós, Ana, et al. ""Stability to gastrointestinal enzymes and structure–activity relationship of β-casein-peptides with antihypertensive properties."" Peptides 30.10 (2009): 1848-1853.",5.45593195564972,,,,,,,False,0.2245413548251771
RL,2438.9,"Mullally, M.M., Meisel, H. and FitzGerald, R.J. (1996) ""Synthetic Peptides Correspongding to α-lactalbumin and β-lactoglobulin Squences with Angiotensin-I-converting Enzyme Inhibitory Activity"" in Biological Chemistry Hoppe-Seyler 377, 259-260.",2.61280600630313,,,,,,,False,0.22469870744668474
RYL,3.31,9543,5.48017200622428,,,,,,,False,0.22487717892990894
TYCQ,2.3,"Pihlanto, Anne, and Sari Mäkinen. ""Antihypertensive properties of plant protein derived peptides."" Bioactive food peptides in health and disease. IntechOpen, 2013.",5.63827216398241,,,,,,,False,0.22687543039633445
KWLP,5.0,"Terashima, Masaaki, et al. ""Inhibition strength of short peptides derived from an ACE inhibitory peptide."" Journal of agricultural and food chemistry 59.20 (2011): 11234-11237.",5.30102999566398,,,,,,,False,0.2269733144795434
VPSERY,706.1,"Ruiz, José Ángel Gómez, Mercedes Ramos, and Isidra Recio. ""Angiotensin converting enzyme-inhibitory activity of peptides isolated from Manchego cheese. Stability under simulated gastrointestinal digestion."" International dairy journal 14.12 (2004): 1075-1080.",3.15113378850522,,,,,,,False,0.22738689822669408
PQPLIYP,3.0,"Murray, B. A., and R. J. FitzGerald. ""Angiotensin converting enzyme inhibitory peptides derived from food proteins: biochemistry, bioactivity and production."" Current pharmaceutical design 13.8 (2007): 773-791.",5.52287874528034,,,,,,,False,0.22862660116513753
LHLPLPL,425.0,"Quirós, Ana, et al. ""Stability to gastrointestinal enzymes and structure–activity relationship of β-casein-peptides with antihypertensive properties."" Peptides 30.10 (2009): 1848-1853.",3.37161106994969,,,,,,,False,0.22952494527121362
SKVYPFPGPI,1540.0,"Korhonen, H., and Anne Pihlanto. ""Technological options for the production of health-promoting proteins and peptides derived from milk and colostrum."" Current Pharmaceutical Design 13.8 (2007): 829-843.",2.81247927916354,,,,,,,False,0.229529695935449
FAP,3.8,"1987, Susumu MARUYAMA, Hajime MITACHI, Hideoki TANAKA, Noboru TOMIZUKA and Hideo SUZUKI. Studies on the Active Site and Antihypertensive Activity of Angiotensin I-Converting Enzyme Inhibitors Derived from Casein.",5.42021640338319,,,,,,,False,0.22961955137553197
VLKP,5.27,"Ren, Yanrong, et al. ""Integrating Computational Modeling and Experimental Assay to Discover New Potent ACE‐Inhibitory Peptides."" Molecular informatics 33.1 (2014): 43-52.",5.27818938478745,,,,,,,False,0.22991282093604873
VHLAP,4.5,"Angiotensin I-Converting Enzyme Inhibitory Activities of Synthetic Peptides Related to the Tandem Repeated Sequence of a Maize Endosperm Protein Susumu Maruyama, Shinsuke Miyoshi, Toshiyuki Kaneko & Hideoki Tanaka",5.34678748622466,,,,,,,False,0.229976054165993
EVMAGNLYPG,2.98,"Je, Jae-Young, et al. ""Angiotensin I converting enzyme (ACE) inhibitory peptide derived from the sauce of fermented blue mussel, Mytilus edulis."" Bioresource technology 96.14 (2005): 1624-1629.",5.52578373592375,,,,,,,False,0.23003320273233493
YY,680.0,"Morinaga, Yae, et al. ""Chemical nature of a new antihypertensive peptide derived from jellyfish."" Food science and technology research 16.4 (2010): 333-340.",3.16749108729376,,,,,,,False,0.230365004407633
IWH,3.5,"Fujita, Hiroyuki, and Masaaki Yoshikawa. ""LKPNM: a prodrug-type ACE-inhibitory peptide derived from fish protein."" Immunopharmacology 44.1-2 (1999): 123-127.",5.45593195564972,,,,,,,False,0.2307625386148702
VPP,9.0,"Vladimir R.Vukic, In silico identification of milk antihypertensive di- and tripeptides involved in angiotensin I–converting enzyme inhibitory activity",5.04575749056068,,,,,,,False,0.23169484335053278
QELPG,36.0,"Deng, HuiLing, et al. ""Isolation of angiotensin I-converting enzyme inhibitor from pepsin hydrolysate of porcine hemoglobin."" European Food Research and Technology 239.6 (2014): 933-940.",4.44369749923271,,,,,,,False,0.2322141535741919
GPLGLLGFLGPLGLS,90.03,"Alemán, Ailén, et al. ""Contribution of Leu and Hyp residues to antioxidant and ACE-inhibitory activities of peptide sequences isolated from squid gelatin hydrolysate."" Food Chemistry 125.2 (2011): 334-341.",4.04561274985549,,,,,,,False,0.23241697309602655
PRY,2.5,"Saito Y, Wanezaki K, Kawato A, Imayasu S. Structure and activity of angiotensin I converting enzyme inhibitory peptides from sake and sake lees. Biosci Biotech Biochem 1994;58:1767–71.",5.60205999132796,,,,,,,False,0.23284634316800415
HG,6300.0,"Cheung, Hong-Son, et al. ""Binding of peptide substrates and inhibitors of angiotensin-converting enzyme. Importance of the COOH-terminal dipeptide sequence."" Journal of Biological Chemistry 255.2 (1980): 401-407.",2.20065945054642,,,,,,,False,0.23287477177241797
FVAPFPEV,475.0,"del Mar Contreras, María, et al. ""Novel casein-derived peptides with antihypertensive activity."" International Dairy Journal 19.10 (2009): 566-573.",3.32330639037513,,,,,,,False,0.23321589450365546
FVPAF,4.5,"Hai‐Lun, H. E., et al. ""Analysis of novel angiotensin‐I‐converting enzyme inhibitory peptides from protease‐hydrolyzed marine shrimp Acetes chinensis."" Journal of peptide science: an official publication of the European Peptide Society 12.11 (2006): 726-733.",5.34678748622466,,,,,,,False,0.2337380458293515
FRADHPFL,3.2,Angiotensin I–Converting Enzyme Inhibitory Activity of Peptides Derived from Egg White Proteins by Enzymatic Hydrolysis  Egg-derived bioactive peptides with ACE-inhibitory properties: a literature update,5.49485002168009,,,,,,,False,0.23448445960596634
TVVPG,17.8,"Matsui T, Li CH, Osajima Y. Preparation and characterization of novel bioactive peptides responsible for angiotensin I–converting enzyme inhibition from wheat germ. J Pept Sci 1999;5:289–97.",4.74957999769111,,,,,,,False,0.235153065164633
AIPP,900.0,"Kohmura, Masanori, Noriki Nio, and Yasuo Ariyoshi. ""Inhibition of angiotensin-converting enzyme by synthetic peptide fragments of human κ-casein."" Agricultural and biological chemistry 54.3 (1990): 835-836.",3.04575749056068,,,,,,,False,0.23548176763939643
VKP,3.7,"Tsai, J. S., et al. ""The inhibitory effects of freshwater clam (Corbicula fluminea, Muller) muscle protein hydrolysates on angiotensin I converting enzyme."" Process Biochemistry 41.11 (2006): 2276-2281.",5.43179827593301,,,,,,,False,0.23553431605147643
KVLPVPQ,1000.0,"Maeno, Masafumi, Naoyuki Yamamoto, and Toshiaki Takano. ""Identification of an antihypertensive peptide from casein hydrolysate produced by a proteinase from Lactobacillus helveticus CP790."" Journal of Dairy Science 79.8 (1996): 1316-1321.",3.0,,,,,,,False,0.2357786136382272
VWP,4.5,"Chen, Jiwang, et al. ""Angiotensin-I converting enzyme (ACE) inhibitory tripeptides from rice protein hydrolysate: Purification and characterization."" Journal of Functional Foods 5.4 (2013): 1684-1692.",5.34678748622466,,,,,,,False,0.23622126761543397
APGAGVY,1.7,"Matsui T, Li CH, Osajima Y. Preparation and characterization of novel bioactive peptides responsible for angiotensin I–converting enzyme inhibition from wheat germ. J Pept Sci 1999;5:289–97.",5.76955107862173,,,,,,,False,0.23637987541662026
KDERF,848.0,"Gómez‐Ruiz, José Ángel, Mercedes Ramos, and Isidra Recio. ""Identification of novel angiotensin‐converting enzyme‐inhibitory peptides from ovine milk proteins by CE‐MS and chromatographic techniques."" Electrophoresis 28.22 (2007): 4202-4211.",3.07160414774329,,,,,,,False,0.2367415081935713
IRA,6.4,"Structures and Activity of Angiotensin-convertingEnzyme Inhibitors in anα-Zein HydrolysateShinsuke Miyoshi, Hiromi Ishikawa, Toshiyuki Kaneko, Fumio Fukui, HideokiTanaka & Susumu Maruyama ",5.19382002601611,,,,,,,False,0.23732739144133744
AVL,7.07945784384138,"Wu, Jianping, Rotimi E. Aluko, and Alister D. Muir. ""Purification of angiotensin I-converting enzyme-inhibitory peptides from the enzymatic hydrolysate of defatted canola meal."" Food chemistry 111.4 (2008): 942-950.",5.15,,,,,,,False,0.23750038089598333
IAYKPAG,4.17,"Sagardia, Iban, Rubén H. Roa-Ureta, and Carlos Bald. ""A new QSAR model, for angiotensin I-converting enzyme inhibitory oligopeptides."" Food chemistry 136.3-4 (2013): 1370-1376.",5.37986394502624,,,,,,,False,0.23836748867815483
AI,3413.0,"Nakahara, Takeharu, et al. ""Antihypertensive effect of peptide-enriched soy sauce-like seasoning and identification of its angiotensin I-converting enzyme inhibitory substances."" Journal of agricultural and food chemistry 58.2 (2009): 821-827.",2.46686371172136,,,,,,,False,0.2384434893227979
ALPHA,10.0,"Keiichi Yokoyama, Hideo Chiba, Masaaki Yoshikawa. Peptide Inhibitors for Angiotensin I-Converting Enzyme from Thermolysin Digest of Dried Bonito. Bioscience, Biotechnology, and Biochemistry, Volume 56, 1992, Page 1541-1545.",5.0,,,,,,,False,0.23862724495188312
AFKAWAVAR,1.7,"Wanasundara, P. K. J. P. D., Ross, A. R. S., Amarowicz, R., Ambrose, S. J., Pegg, R. B., & Shand, P. J. (2002). Peptides with Angiotensin I-Converting Enzyme (ACE) Inhibitory Activity from Defibrinated, Hydrolyzed Bovine Plasma. Journal of Agricultural and Food Chemistry, 50(24), 6981–6988. doi:10.1021/jf025592e",5.76955107862173,,,,,,,False,0.23869894858998117
VLP,320.0,"Kohmura M, Nio N, Kubo K, Minoshma Y, Munekata E, Ariyosh E. Inhibition of angiotensin-converting enzyme by synthetic peptides of human_x0003_-casein. Agric Biol Chem 1989;53:2107–14.",3.49485002168009,,,,,,,False,0.238783369902284
LQKW,3.5,"Hernández-Ledesma, Blanca, et al. ""Effect of simulated gastrointestinal digestion on the antihypertensive properties of synthetic β-lactoglobulin peptide sequences."" Journal of Dairy Research 74.3 (2007): 336-339.",5.45593195564972,,,,,,,False,0.24120263828484947
WKP,562.67,11015,3.24974623960304,,,,,,,False,0.24151477469944777
HIRL,1153.2,"Mullally, Margaret M., Hans Meisel, and Richard J. FitzGerald. ""Synthetic peptides corresponding to a-lactalbumin and b-lactoglobulin sequences with angiotensin-1-converting enzyme inhibitory activity."" Biological Chemistry-Hoppe Seyler 377.4 (1996): 259-260.",2.93809536628383,,,,,,,False,0.2423629625418906
SSIQSQPQAFT,1001.0,"Meisel H., Walsh D. J., Murray B., FitzGerald R. J. ACE inhibitory peptides. in: Nutraceutical proteins and peptides in health and disease. Mine Y., Shahidi F. (Eds.), CRC Taylor & Francis Group, Boca Raton, London, New York, 269-315.2006",2.99956592252068,,,,,,,False,0.24237187417708891
LLMPK,686.2,"Liu, Rui, et al. ""Characterization of ACE inhibitory peptides from Mactra veneriformis hydrolysate by nano-liquid chromatography electrospray ionization mass spectrometry (Nano-LC-ESI-MS) and molecular docking."" Marine drugs 12.7 (2014): 3917-3928.",3.16354928627985,,,,,,,False,0.2428962239841079
ITF,629.0,"Puchalska, Patrycja, M. Luisa Marina Alegre, and M. Concepcion Garcia Lopez. ""Isolation and characterization of peptides with antihypertensive activity in foodstuffs."" Critical reviews in food science and nutrition 55.4 (2015): 521-551.",3.20134935455473,,,,,,,False,0.24383664049891354
PYVRYL,2.4,"Quirós, A., et al. ""Angiotensin-converting enzyme inhibitory activity of peptides derived from caprine kefir."" Journal of dairy science 88.10 (2005): 3480-3487.",5.61978875828839,,,,,,,False,0.24398150632156113
PSGQYY,344.1,"Sagardia, Iban, Rubén H. Roa-Ureta, and Carlos Bald. ""A new QSAR model, for angiotensin I-converting enzyme inhibitory oligopeptides."" Food chemistry 136.3-4 (2013): 1370-1376.",3.46331532737907,,,,,,,False,0.24458171987734922
FQPSF,12.56,"Lassoued, Imen, et al. ""Angiotensin I‐converting enzyme inhibitory peptides FQPSF and LKYPI identified in Bacillus subtilis A26 hydrolysate of thornback ray muscle."" International Journal of Food Science & Technology 51.7 (2016): 1604-1609.",4.90101036059882,,,,,,,False,0.24531149949912234
FFYY,1.9,"Tomatsu, Makoto, et al. ""Novel angiotensin I-converting enzyme inhibitory peptides derived from soya milk."" Food chemistry 136.2 (2013): 612-616.",5.72124639904717,,,,,,,False,0.24603875446410126
VVVPP,873.0,"Nakamura, Yasunori, and Toshiaki Takano. ""Angiotensin converting enzyme inhibitor and method for preparing same."" U.S. Patent No. 5,449,661. 12 Sep. 1995.",3.05898575629443,,,,,,,False,0.24678619590455436
KIEL,849.7,"Pihlanto, Anne, and Sari Mäkinen. ""Antihypertensive properties of plant protein derived peptides."" Bioactive food peptides in health and disease. IntechOpen, 2013.",3.07073438174693,,,,,,,False,0.24739806320537805
AYFYPELF,6.5,"De Gobba, Cristian, Gorazd Tompa, and Jeanette Otte. ""Bioactive peptides from caseins released by cold active proteolytic enzymes from Arsukibacterium ikkense."" Food chemistry 165 (2014): 205-215.",5.18708664335714,,,,,,,False,0.24754835378966972
ITP,9.5,"Ishiguro, Koji, et al. ""Hypotensive effect of a sweetpotato protein digest in spontaneously hypertensive rats and purification of angiotensin I-converting enzyme inhibitory peptides."" Food chemistry 131.3 (2012): 774-779.",5.02227639471115,,,,,,,False,0.24814192193428578
MIPAQK,300.0,"Keiichi Yokoyama, Hideo Chiba, Masaaki Yoshikawa. Peptide Inhibitors for Angiotensin I-Converting Enzyme from Thermolysin Digest of Dried Bonito. Bioscience, Biotechnology, and Biochemistry, Volume 56, 1992, Page 1541-1545.",3.52287874528034,,,,,,,False,0.2488044192969013
HPIKH,1258.9,"Sagardia, Iban, Rubén H. Roa-Ureta, and Carlos Bald. ""A new QSAR model, for angiotensin I-converting enzyme inhibitory oligopeptides."" Food chemistry 136.3-4 (2013): 1370-1376.",2.90000876645532,,,,,,,False,0.24976900790477377
VAHINVWK,3.47,"Sagardia, Iban, Rubén H. Roa-Ureta, and Carlos Bald. ""A new QSAR model, for angiotensin I-converting enzyme inhibitory oligopeptides."" Food chemistry 136.3-4 (2013): 1370-1376.",5.45967052520913,,,,,,,False,0.25017817047758295
SLPQN,9.43,"Donkor, Osaana N., et al. ""ACE-inhibitory activity of probiotic yoghurt."" International dairy journal 17.11 (2007): 1321-1331.",5.02548830726267,,,,,,,False,0.2502017229358215
VP,570.0,"Ichimura, Toshiaki, et al. ""Angiotensin I-converting enzyme inhibitory activity and insulin secretion stimulative activity of fermented fish sauce."" Journal of bioscience and bioengineering 96.5 (2003): 496-499.",3.24412514432751,,,,,,,False,0.2503501346935314
FQKVVA,5.8,"Mito, Kazue, et al. ""Antihypertensive effect of angiotensin I-converting enzyme inhibitory peptides derived from hemoglobin."" European journal of pharmacology 304.1-3 (1996): 93-98.",5.23657200643706,,,,,,,False,0.2504988638606613
GAPGPAGPGGIPGERG,45.6,"Zhang, Yuhao, et al. ""Effect of pretreatment on enzymatic hydrolysis of bovine collagen and formation of ACE-inhibitory peptides."" Food Chemistry 141.3 (2013): 2343-2354.",4.34103515733557,,,,,,,False,0.25063254937465407
VYAP,6.1,"Balti, Rafik, et al. ""Three novel angiotensin I-converting enzyme (ACE) inhibitory peptides from cuttlefish (Sepia officinalis) using digestive proteases."" Food Research International 43.4 (2010): 1136-1143.",5.21467016498923,,,,,,,False,0.2511106854194742
VQ,1300.0,"Matsumura, Nobuyasu, et al. ""Isolation and characterization of angiotensin I-converting enzyme inhibitory peptides derived from bonito bowels."" Bioscience, biotechnology, and biochemistry 57.10 (1993): 1743-1744.",2.88605664769316,,,,,,,False,0.2513086490742029
VYPHK,4.59,"Sagardia, Iban, Rubén H. Roa-Ureta, and Carlos Bald. ""A new QSAR model, for angiotensin I-converting enzyme inhibitory oligopeptides."" Food chemistry 136.3-4 (2013): 1370-1376.",5.33818731446274,,,,,,,False,0.2518656837764227
LSSLEMGSLGALFVCM,1.84,11485,5.73518217699046,,,,,,,False,0.2527649904354131
YQY,4.0,"Puchalska, Patrycja, M. Luisa Marina Alegre, and M. Concepcion Garcia Lopez. ""Isolation and characterization of peptides with antihypertensive activity in foodstuffs."" Critical reviews in food science and nutrition 55.4 (2015): 521-551.",5.39794000867204,,,,,,,False,0.2527918212999288
SGIQSEPKAIP,650.0,"Kohmura, Masanori, Noriki Nio, and Yasuo Ariyoshi. ""Inhibition of angiotensin-converting enzyme by synthetic peptide fragments of various β-caseins."" Agricultural and biological chemistry 54.4 (1990): 1101-1102.",3.18708664335714,,,,,,,False,0.2528981063934347
GR,162.2,"Sentandreu, Miguel Angel, and Fidel Toldrá. ""Evaluation of ACE inhibitory activity of dipeptides generated by the action of porcine muscle dipeptidyl peptidases."" Food Chemistry 102.2 (2007): 511-515.",3.78994915012486,,,,,,,False,0.2529458499321495
GLY,8.8,"Matsui, Toshiro, et al. ""Gastrointestinal enzyme production of bioactive peptides from royal jelly protein and their antihypertensive ability in SHR."" The Journal of nutritional biochemistry 13.2 (2002): 80-86.",5.05551732784983,,,,,,,False,0.25330744318923026
LQW,4.0,"Kim, Yoo Kyeong, and Bong Hyun Chung. ""A novel angiotensin-I-converting enzyme inhibitory peptide from human α s1-casein."" Biotechnology letters 21.7 (1999): 575-578.",5.39794000867204,,,,,,,False,0.2533462794554854
VVYPWTQ,3.6,"Zhao, Q., and J. M. Piot. ""Investigation of inhibition angiotensin-converting enzyme (ACE) activity and opioid activity of two hemorphins, LVV-hemorphin-5 and VV-hemorphin-5, isolated from a defined peptic hydrolysate of bovine hemoglobin."" Neuropeptides 31.2 (1997): 147-153.",5.44369749923271,,,,,,,False,0.2549017104181013
AQK,1800.0,"Keiichi Yokoyama, Hideo Chiba, Masaaki Yoshikawa. Peptide Inhibitors for Angiotensin I-Converting Enzyme from Thermolysin Digest of Dried Bonito. Bioscience, Biotechnology, and Biochemistry, Volume 56, 1992, Page 1541-1545.",2.74472749489669,,,,,,,False,0.25667147472361507
TKTGRSAHVLSRYRPRA,2.8,"Hasan, Fida, et al. ""Production kinetics of angiotensin-I converting enzyme inhibitory peptides from bonito meat in artificial gastric juice."" Process Biochemistry 41.3 (2006): 505-511.",5.55284196865778,,,,,,,False,0.25685489709881176
VDF,6.59,"Majumder, K., & Wu, J. (2009). Angiotensin I Converting Enzyme Inhibitory Peptides from Simulatedin VitroGastrointestinal Digestion of Cooked Eggs. Journal of Agricultural and Food Chemistry, 57(2), 471–477. doi:10.1021/jf8028557",5.18111458540599,,,,,,,False,0.2569948887091296
EDENNPFYLR,730.0,"Kodera, Tomohiro, and Noriki Nio. ""Identification of an angiotensin I‐converting enzyme inhibitory peptides from protein hydrolysates by a soybean protease and the antihypertensive effects of hydrolysates in 4 spontaneously hypertensive model rats."" Journal of food science 71.3 (2006): C164-C173.",3.13667713987954,,,,,,,False,0.2571575350049843
YPFPGPIPN,15.0,"Sagardia, Iban, Rubén H. Roa-Ureta, and Carlos Bald. ""A new QSAR model, for angiotensin I-converting enzyme inhibitory oligopeptides."" Food chemistry 136.3-4 (2013): 1370-1376.",4.82390874094432,,,,,,,False,0.2579359612433646
AWPF,18.3,"García, M. C., et al. ""Vegetable foods: A cheap source of proteins and peptides with antihypertensive, antioxidant, and other less occurrence bioactivities."" Talanta 106 (2013): 328-349.",4.73754891026957,,,,,,,False,0.2586437193044733
VFK,1029.0,"Vladimir R.Vukic, In silico identification of milk antihypertensive di- and tripeptides involved in angiotensin I–converting enzyme inhibitory activity",2.98758462523757,,,,,,,False,0.25881248353644587
PNRIKYGD,4.0,"Hasan, Fida, et al. ""Production kinetics of angiotensin-I converting enzyme inhibitory peptides from bonito meat in artificial gastric juice."" Process Biochemistry 41.3 (2006): 505-511.",5.39794000867204,,,,,,,False,0.2600679741826268
LPP,9.6,"Angiotensin I-Converting Enzyme Inhibitory Activities of Synthetic Peptides Related to the Tandem Repeated Sequence of a Maize Endosperm Protein Susumu Maruyama, Shinsuke Miyoshi, Toshiyuki Kaneko & Hideoki Tanaka",5.01772876696043,,,,,,,False,0.26009645366764456
YEY,3.98107170553497,"Wu, Jianping, Rotimi E. Aluko, and Alister D. Muir. ""Purification of angiotensin I-converting enzyme-inhibitory peptides from the enzymatic hydrolysate of defatted canola meal."" Food chemistry 111.4 (2008): 942-950.",5.4,,,,,,,False,0.26028336342751374
FALPQY,4.3,Angiotensin‐I‐converting enzyme inhibitory peptides from tryptic hydrolysate of bovine αS2‐caseinJérôme TauzinLaurent MicloJean-Luc Gaillard,5.36653154442041,,,,,,,False,0.26049784291239747
MNPPK,945.5,"Nakashima Y, Arihara K, Mio H, Itoh M. Antihypertensive activities of peptides derived from porcine skeletal muscle myosin in spontaneously hypertensive rats. J Food Sci 2002;67:434–7.",3.02433846681894,,,,,,,False,0.26051277171084336
LPLP,720.0,"Kohmura M, Nio N, Kubo K, Minoshma Y, Munekata E, Ariyosh E. Inhibition of angiotensin-converting enzyme by synthetic peptides of human_x0003_-casein. Agric Biol Chem 1989;53:2107–14.",3.14266750356873,,,,,,,False,0.2609647656801454
IWHHT,5.8,"Iroyukifujita, H., K. Eiichiyokoyama, and Masaaki Yoshikawa. ""Classification and antihypertensive activity of angiotensin I‐converting enzyme inhibitory peptides derived from food proteins."" Journal of food science 65.4 (2000): 564-569.",5.23657200643706,,,,,,,False,0.2613162982781885
JGLPPGPPIPP,4.2,3193,5.3767507096021,,,,,,,False,0.26221678189114966
KRVIQY,6.1,"Puchalska, Patrycja, M. Luisa Marina Alegre, and M. Concepcion Garcia Lopez. ""Isolation and characterization of peptides with antihypertensive activity in foodstuffs."" Critical reviews in food science and nutrition 55.4 (2015): 521-551.",5.21467016498923,,,,,,,False,0.2622488807643918
EP,1200.0,"Ichimura, Toshiaki, et al. ""Angiotensin I-converting enzyme inhibitory activity and insulin secretion stimulative activity of fermented fish sauce."" Journal of bioscience and bioengineering 96.5 (2003): 496-499.",2.92081875395238,,,,,,,False,0.2625448369290828
LEF,655.2,8510,3.18362611124764,,,,,,,False,0.2625923405090196
VIIF,8.7,"Balti, Rafik, et al. ""Three novel angiotensin I-converting enzyme (ACE) inhibitory peptides from cuttlefish (Sepia officinalis) using digestive proteases."" Food Research International 43.4 (2010): 1136-1143.",5.06048074738138,,,,,,,False,0.2631159626523289
RWL,580.12,11014,3.23648216170029,,,,,,,False,0.2633426063328651
ALPMH,521.0,"PIHLANTO-LEPPÄLÄ, A., KOSKINEN, P., PIILOLA, K., TUPASELA, T., & KORHONEN, H. (2000). Angiotensin I-converting enzyme inhibitory properties of whey protein digests: concentration and characterization of active peptides. Journal of Dairy Research, 67(1), 53–64. doi:10.1017/s0022029999003982",3.28316227670048,,,,,,,False,0.2636414399172653
YPSFQPQPLIYP,4.8,"Kohmura M, Nio N, Kubo K, Minoshma Y, Munekata E, Ariyosh E. Inhibition of angiotensin-converting enzyme by synthetic peptides of human_x0003_-casein. Agric Biol Chem 1989;53:2107–14.",5.31875876262441,,,,,,,False,0.2636690741489468
AKF,6.5,"Rao, Shengqi, et al. ""ACE inhibitory peptides and antioxidant peptides derived from in vitro digestion hydrolysate of hen egg white lysozyme."" Food chemistry 135.3 (2012): 1245-1252.",5.18708664335714,,,,,,,False,0.26376067286753174
LPYP,5.0,9682,5.30102999566398,,,,,,,False,0.2637646138371911
LPHA,560.0,"Matsumura, Nobuyasu, et al. ""Isolation and characterization of angiotensin I-converting enzyme inhibitory peptides derived from bonito bowels."" Bioscience, biotechnology, and biochemistry 57.10 (1993): 1743-1744.",3.2518119729938,,,,,,,False,0.26416881083190785
YINQMPQKSRE,7.25,"Zambrowicz, Aleksandra, et al. ""Multifunctional peptides derived from an egg yolk protein hydrolysate: isolation and characterization."" Amino acids 47.2 (2015): 369-380.",5.13966199342901,,,,,,,False,0.2642794279346187
SVAKLE,2200.0,"Matsumura, Nobuyasu, et al. ""Isolation and characterization of angiotensin I-converting enzyme inhibitory peptides derived from bonito bowels."" Bioscience, biotechnology, and biochemistry 57.10 (1993): 1743-1744.",2.65757731917779,,,,,,,False,0.2644451315191849
FYPEL,3.9,"Gu, Yuchen, Kaustav Majumder, and Jianping Wu. ""QSAR-aided in silico approach in evaluation of food proteins as precursors of ACE inhibitory peptides."" Food Research International 44.8 (2011): 2465-2474.",5.4089353929735,,,,,,,False,0.26445399371400036
TPYPCV,2.58,10142,5.58838029403677,,,,,,,False,0.26471544777045075
YW,8.2,"Gu, Yuchen, Kaustav Majumder, and Jianping Wu. ""QSAR-aided in silico approach in evaluation of food proteins as precursors of ACE inhibitory peptides."" Food Research International 44.8 (2011): 2465-2474.",5.08618614761628,,,,,,,False,0.2649167824941264
QNALIVRYTR,4.6,"Sagardia, Iban, et al. ""Quantitative structure–activity relationship based screening of bioactive peptides identified in ripened cheese."" International Dairy Journal 33.2 (2013): 184-190.",5.33724216831843,,,,,,,False,0.26531337562170176
FALPQYLK,4.3,Angiotensin‐I‐converting enzyme inhibitory peptides from tryptic hydrolysate of bovine αS2‐caseinJérôme TauzinLaurent MicloJean-Luc Gaillard,5.36653154442041,,,,,,,False,0.26594334315784357
YIEAVNKVSPRAGQF,5.6,"Zambrowicz, Aleksandra, et al. ""Multifunctional peptides derived from an egg yolk protein hydrolysate: isolation and characterization."" Amino acids 47.2 (2015): 369-380.",5.2518119729938,,,,,,,False,0.2659634775653904
AVF,1374.0,"Vercruysse, Lieselot, et al. ""Ala-Val-Phe and Val-Phe: ACE inhibitory peptides derived from insect protein with antihypertensive activity in spontaneously hypertensive rats."" Peptides 31.3 (2010): 482-488.",2.86201326727647,,,,,,,False,0.2664758629833252
EVMAGNYLPG,2.98,7812,5.52578373592375,,,,,,,False,0.26666035438599284
GPFPILV,424.0,"Quirós, A., et al. ""Angiotensin-converting enzyme inhibitory activity of peptides derived from caprine kefir."" Journal of dairy science 88.10 (2005): 3480-3487.",3.37263414340727,,,,,,,False,0.26672487764561587
FVNPEAGS,6.92,"Sagardia, Iban, Rubén H. Roa-Ureta, and Carlos Bald. ""A new QSAR model, for angiotensin I-converting enzyme inhibitory oligopeptides."" Food chemistry 136.3-4 (2013): 1370-1376.",5.15989390554324,,,,,,,False,0.26713582646043965
PQEVLP,910.0,"Kohmura M, Nio N, Kubo K, Minoshma Y, Munekata E, Ariyosh E. Inhibition of angiotensin-converting enzyme by synthetic peptides of human_x0003_-casein. Agric Biol Chem 1989;53:2107–14.",3.04095860767891,,,,,,,False,0.2675137652176149
VGINYWLAHKHK,327.0,"Hernandez-Ledesma, Blanca, and Chia-Chien Hsieh. Bioactive food peptides in health and disease. 2013.",3.48545224733971,,,,,,,False,0.2675619335051226
VLPYPV,420.0,"Kohmura M, Nio N, Kubo K, Minoshma Y, Munekata E, Ariyosh E. Inhibition of angiotensin-converting enzyme by synthetic peptides of human_x0003_-casein. Agric Biol Chem 1989;53:2107–14.",3.3767507096021,,,,,,,False,0.26780066953311193
GVPKVKETMVPK,376.1,"Quirós, A., et al. ""Angiotensin-converting enzyme inhibitory activity of peptides derived from caprine kefir."" Journal of dairy science 88.10 (2005): 3480-3487.",3.4246966665776,,,,,,,False,0.26787162256684693
CMENSA,788.0,"PIHLANTO-LEPPÄLÄ, A., KOSKINEN, P., PIILOLA, K., TUPASELA, T., & KORHONEN, H. (2000). Angiotensin I-converting enzyme inhibitory properties of whey protein digests: concentration and characterization of active peptides. Journal of Dairy Research, 67(1), 53–64. doi:10.1017/s0022029999003982",3.10347378251044,,,,,,,False,0.2679875413915542
VSGAGRY,8.6,"Priyanto, Anugerah Dany, et al. ""Screening, discovery, and characterization of angiotensin-I converting enzyme inhibitory peptides derived from proteolytic hydrolysate of bitter melon seed proteins."" Journal of proteomics 128 (2015): 424-435.",5.06550154875643,,,,,,,False,0.26849958060125284
FRAHPFL,3.2,"Rao, Sheng-Qi, et al. ""Purification and characterization of angiotensin I-converting enzyme inhibitory peptides from enzymatic hydrolysate of hen egg white lysozyme."" Food research international 46.1 (2012): 127-134.",5.49485002168009,,,,,,,False,0.2693049087793561
FFVAP,6.0,"1987, Susumu MARUYAMA, Hajime MITACHI, Hideoki TANAKA, Noboru TOMIZUKA and Hideo SUZUKI. Studies on the Active Site and Antihypertensive Activity of Angiotensin I-Converting Enzyme Inhibitors Derived from Casein.",5.22184874961636,,,,,,,False,0.2701879316211773
IVRDPNGMGAW,4.39,"Rawendra, Reynetha DS, et al. ""A novel angiotensin converting enzyme inhibitory peptide derived from proteolytic digest of Chinese soft-shelled turtle egg white proteins."" Journal of proteomics 94 (2013): 359-369.",5.35753547975788,,,,,,,False,0.2704370043400383
YPK,23.7,"Lee, Ju-Eun, et al. ""Tyr-Pro-Lys, an angiotensin I-converting enzyme inhibitory peptide derived from broccoli (Brassica oleracea Italica)."" Food chemistry 99.1 (2006): 143-148.",4.6252516539899,,,,,,,False,0.2707234464974829
LGPLGHQ,4.22,"Ngo, Dai-Hung, BoMi Ryu, and Se-Kwon Kim. ""Active peptides from skate (Okamejei kenojei) skin gelatin diminish angiotensin-I converting enzyme activity and intracellular free radical-mediated oxidation."" Food chemistry 143 (2014): 246-255.",5.37468754903833,,,,,,,False,0.27112735766816903
YQEPVLGP,724.385,"Silva, S. V., Anne Pihlanto, and F. Xavier Malcata. ""Bioactive peptides in ovine and caprine cheeselike systems prepared with proteases from Cynara cardunculus."" Journal of dairy science 89.9 (2006): 3336-3344.",3.14003055129652,,,,,,,False,0.27143518010805345
EKDERF,14.3,"Gómez‐Ruiz, José Ángel, Mercedes Ramos, and Isidra Recio. ""Identification of novel angiotensin‐converting enzyme‐inhibitory peptides from ovine milk proteins by CE‐MS and chromatographic techniques."" Electrophoresis 28.22 (2007): 4202-4211.",4.84466396253494,,,,,,,False,0.2717616861259449
FW,5.9,"Gu, Yuchen, Kaustav Majumder, and Jianping Wu. ""QSAR-aided in silico approach in evaluation of food proteins as precursors of ACE inhibitory peptides."" Food Research International 44.8 (2011): 2465-2474.",5.22914798835786,,,,,,,False,0.27184944071699685
AR,95.5,"Short communication: Bovine κ-casein variants result in different angiotensin I converting enzyme (ACE) inhibitory peptides C. Weimann,*1 H. Meisel,† and G. Erhardt* *Institute of Animal Breeding and Genetics, Ludwigstr. 21B, D-35390 Giessen, Germany †Max Rubner-Institute (MRI), Federal Research Institute of Nutrition and Food, Department of Safety and Quality of Milk and Fish Products, PO Box 6069, D-24121 Kiel, Germany",4.01999662841625,,,,,,,False,0.2723188164495855
RADHPFL,6.2,Angiotensin I–Converting Enzyme Inhibitory Activity of Peptides Derived from Egg White Proteins by Enzymatic Hydrolysis  Egg-derived bioactive peptides with ACE-inhibitory properties: a literature update,5.20760831050175,,,,,,,False,0.27235760249282837
AVP,340.0,"1987, Susumu MARUYAMA, Hajime MITACHI, Hideoki TANAKA, Noboru TOMIZUKA and Hideo SUZUKI. Studies on the Active Site and Antihypertensive Activity of Angiotensin I-Converting Enzyme Inhibitors Derived from Casein.",3.46852108295775,,,,,,,False,0.27245811795549335
VIP,9.2,"Ding, Fengyun, et al. ""VPPIPP and IPPVPP: two hexapeptides innovated to exert antihypertensive activity."" PloS one 8.4 (2013): e62384.",5.03621217265444,,,,,,,False,0.273142364314495
VGINYWLAHK,327.0,"PIHLANTO-LEPPÄLÄ, A., KOSKINEN, P., PIILOLA, K., TUPASELA, T., & KORHONEN, H. (2000). Angiotensin I-converting enzyme inhibitory properties of whey protein digests: concentration and characterization of active peptides. Journal of Dairy Research, 67(1), 53–64. doi:10.1017/s0022029999003982",3.48545224733971,,,,,,,False,0.2733907867817608
MVGSAPGVL,3.09,"Ngo, Dai-Hung, BoMi Ryu, and Se-Kwon Kim. ""Active peptides from skate (Okamejei kenojei) skin gelatin diminish angiotensin-I converting enzyme activity and intracellular free radical-mediated oxidation."" Food chemistry 143 (2014): 246-255.",5.51004152057517,,,,,,,False,0.2736917455671839
LKL,188.0,"Ukeda, Hiroyuki, et al. ""Peptides from peptic hydrolyzate of heated sardine meat that inhibit angiotensin I converting enzyme."" Nippon Nogeikagaku Kaishi 66.1 (1992): 25-29.",3.72584215073632,,,,,,,False,0.27376255604750127
PYK,2400.0,"Terashima, Masaaki, et al. ""Inhibition strength of short peptides derived from an ACE inhibitory peptide."" Journal of agricultural and food chemistry 59.20 (2011): 11234-11237.",2.61978875828839,,,,,,,False,0.27403014377844553
ISHIYVWK,3.77,"Sagardia, Iban, Rubén H. Roa-Ureta, and Carlos Bald. ""A new QSAR model, for angiotensin I-converting enzyme inhibitory oligopeptides."" Food chemistry 136.3-4 (2013): 1370-1376.",5.42365864979421,,,,,,,False,0.2745878851060008
GLDIQK,580.0,"Pihlanto-Leppa¨la¨ A, Rokka T, Korhonen H. Angiotensin I converting enzyme inhibitory peptides derived from bovine milk proteins. Int Dairy J 1998;8:325–31.",3.23657200643706,,,,,,,False,0.2749065598337375
LLLAHLL,5.19,"Chen, Y., et al. ""Identification of angiotensin I-converting enzyme inhibitory peptides from koumiss, a traditional fermented mare's milk."" Journal of dairy science 93.3 (2010): 884-892.",5.28483264215154,,,,,,,False,0.2749889539016828
VRK,700.0,"Tsai, Jenn-Shou, Jia-Ling Chen, and Bonnie Sun Pan. ""ACE-inhibitory peptides identified from the muscle protein hydrolysate of hard clam (Meretrix lusoria)."" Process Biochemistry 43.7 (2008): 743-747.",3.15490195998574,,,,,,,False,0.27508249628627457
RASDPLLSV,4.7,"Eckert, Ewelina, et al. ""Egg-yolk protein by-product as a source of ACE-inhibitory peptides obtained with using unconventional proteinase from Asian pumpkin (Cucurbita ficifolia)."" Journal of proteomics 110 (2014): 107-116.",5.32790214206428,,,,,,,False,0.275314305684487
LLRH,307.0,"Liu, Rui, et al. ""Characterization of ACE inhibitory peptides from Mactra veneriformis hydrolysate by nano-liquid chromatography electrospray ionization mass spectrometry (Nano-LC-ESI-MS) and molecular docking."" Marine drugs 12.7 (2014): 3917-3928.",3.51286162452281,,,,,,,False,0.27633904626302785
YLYEIA,500.0,"Sagardia, Iban, Rubén H. Roa-Ureta, and Carlos Bald. ""A new QSAR model, for angiotensin I-converting enzyme inhibitory oligopeptides."" Food chemistry 136.3-4 (2013): 1370-1376.",3.30102999566398,,,,,,,False,0.2763524346510342
IQSEPKAIP,570.0,"Kohmura, Masanori, Noriki Nio, and Yasuo Ariyoshi. ""Inhibition of angiotensin-converting enzyme by synthetic peptide fragments of various β-caseins."" Agricultural and biological chemistry 54.4 (1990): 1101-1102.",3.24412514432751,,,,,,,False,0.2771953237447778
GAP,9.3,"Jing, Tao, et al. ""Rational design of angiotensin‐I‐converting enzyme inhibitory peptides by integrating in silico modeling and an in vitro assay."" ChemMedChem 8.7 (2013): 1057-1066.",5.03151705144607,,,,,,,False,0.27770191121271687
FAGDDAPRR,262.98,10787,3.5800772789624,,,,,,,False,0.2779134899057202
LKLP,367.0,"Liu, Rui, et al. ""Characterization of ACE inhibitory peptides from Mactra veneriformis hydrolysate by nano-liquid chromatography electrospray ionization mass spectrometry (Nano-LC-ESI-MS) and molecular docking."" Marine drugs 12.7 (2014): 3917-3928.",3.43533393574791,,,,,,,False,0.27799752286708357
KKPTHIKWGD,8.0,"Hasan, Fida, et al. ""Production kinetics of angiotensin-I converting enzyme inhibitory peptides from bonito meat in artificial gastric juice."" Process Biochemistry 41.3 (2006): 505-511.",5.09691001300806,,,,,,,False,0.2782100101422772
LAYFYP,580.0,"Pihlanto-Leppa¨la¨ A, Rokka T, Korhonen H. Angiotensin I converting enzyme inhibitory peptides derived from bovine milk proteins. Int Dairy J 1998;8:325–31.",3.23657200643706,,,,,,,False,0.2783810744782529
IQKVAGTW,300.0,"Ashok, A., Brijesha, N., & Aparna, H. S. (2019). Discovery, synthesis, and in vitro evaluation of a novel bioactive peptide for ACE and DPP-IV inhibitory activity. European journal of medicinal chemistry, 180, 99-110.",3.52287874528034,,,,,,,False,0.2784189123272676
LDY,6.1,"Furuta, Tomoe, et al. ""Angiotensin I converting enzyme inhibitory peptides derived from phycobiliproteins of dulse Palmaria palmata."" Marine drugs 14.2 (2016): 32.",5.21467016498923,,,,,,,False,0.27871161787887616
IAPG,11.4,"Suetsuna K, Chen JR. Identification of antihypertensive peptides from peptic digest of two microalgae, Chlorella vulgaris and Spirulina platensis. Marine Biotechnol (NY) 2001;3:305–9.",4.94309514866353,,,,,,,False,0.2790846920179751
IAIPP,600.0,"Kohmura, Masanori, Noriki Nio, and Yasuo Ariyoshi. ""Inhibition of angiotensin-converting enzyme by synthetic peptide fragments of human κ-casein."" Agricultural and biological chemistry 54.3 (1990): 835-836.",3.22184874961636,,,,,,,False,0.27918170604649395
APVPP,627.0,"Nakamura, Yasunori, and Toshiaki Takano. ""Angiotensin converting enzyme inhibitor and method for preparing same."" U.S. Patent No. 5,449,661. 12 Sep. 1995.",3.20273245916928,,,,,,,False,0.27919625765524
VQKATY,1.44,9740,5.84163750790475,,,,,,,False,0.27926173614188776
FRVPTPN,9.55,"Sagardia, Iban, Rubén H. Roa-Ureta, and Carlos Bald. ""A new QSAR model, for angiotensin I-converting enzyme inhibitory oligopeptides."" Food chemistry 136.3-4 (2013): 1370-1376.",5.01999662841625,,,,,,,False,0.279313752968409
LNVPGEIVE,300.0,"Sagardia, Iban, Rubén H. Roa-Ureta, and Carlos Bald. ""A new QSAR model, for angiotensin I-converting enzyme inhibitory oligopeptides."" Food chemistry 136.3-4 (2013): 1370-1376.",3.52287874528034,,,,,,,False,0.27981517369564257
AYFYPEL,6.5,"del Mar Contreras, María, et al. ""Novel casein-derived peptides with antihypertensive activity."" International Dairy Journal 19.10 (2009): 566-573.",5.18708664335714,,,,,,,False,0.28050049343817146
FQKVVAG,7.4,"Mito, Kazue, et al. ""Antihypertensive effect of angiotensin I-converting enzyme inhibitory peptides derived from hemoglobin."" European journal of pharmacology 304.1-3 (1996): 93-98.",5.13076828026902,,,,,,,False,0.28061145470798887
VF,9.2,"Matsui T, Li CH, Osajima Y. Preparation and characterization of novel bioactive peptides responsible for angiotensin I–converting enzyme inhibition from wheat germ. J Pept Sci 1999;5:289–97.",5.03621217265444,,,,,,,False,0.28079530993581286
VTVNPYKWLP,5.5,"Terashima, Masaaki, et al. ""Inhibition strength of short peptides derived from an ACE inhibitory peptide."" Journal of agricultural and food chemistry 59.20 (2011): 11234-11237.",5.25963731050576,,,,,,,False,0.28123148285559574
KDVPP,1231.0,"Moayedi, Ali, et al. ""Peptidomic analysis of antioxidant and ACE-inhibitory peptides obtained from tomato waste proteins fermented using Bacillus subtilis."" Food chemistry 250 (2018): 180-187.",2.90974194706868,,,,,,,False,0.28192406972660955
LVA,5.8,"Ren, Yanrong, et al. ""Integrating Computational Modeling and Experimental Assay to Discover New Potent ACE‐Inhibitory Peptides."" Molecular informatics 33.1 (2014): 43-52.",5.23657200643706,,,,,,,False,0.2819312276508799
PLIYP,4.4,"Kohmura M, Nio N, Kubo K, Minoshma Y, Munekata E, Ariyosh E. Inhibition of angiotensin-converting enzyme by synthetic peptides of human_x0003_-casein. Agric Biol Chem 1989;53:2107–14.",5.35654732351381,,,,,,,False,0.28211869276620677
LAY,3.9,"Structures and Activity of Angiotensin-convertingEnzyme Inhibitors in anα-Zein HydrolysateShinsuke Miyoshi, Hiromi Ishikawa, Toshiyuki Kaneko, Fumio Fukui, HideokiTanaka & Susumu Maruyama ",5.4089353929735,,,,,,,False,0.2821617193065635
LHLPAP,6.0,"Quirós, Ana, et al. ""Stability to gastrointestinal enzymes and structure–activity relationship of β-casein-peptides with antihypertensive properties."" Peptides 30.10 (2009): 1848-1853.",5.22184874961636,,,,,,,False,0.28321848962620677
YALPHA,9.8,"Wako Y, Ishikawa S, Muramoto K. Angiotensin I–converting enzyme inhibitors in autolysates of liver and mantle muscle. Biosci Biotech Biochem 1996;60:1353–5.",5.00877392430751,,,,,,,False,0.28326747113979095
GVY,400.0,"Matsumura, Nobuyasu, et al. ""Isolation and characterization of angiotensin I-converting enzyme inhibitory peptides derived from bonito bowels."" Bioscience, biotechnology, and biochemistry 57.10 (1993): 1743-1744.",3.39794000867204,,,,,,,False,0.28348942597206583
AHHP,847.6,"Short communication: Bovine κ-casein variants result in different angiotensin I converting enzyme (ACE) inhibitory peptides C. Weimann,*1 H. Meisel,† and G. Erhardt* *Institute of Animal Breeding and Genetics, Ludwigstr. 21B, D-35390 Giessen, Germany †Max Rubner-Institute (MRI), Federal Research Institute of Nutrition and Food, Department of Safety and Quality of Milk and Fish Products, PO Box 6069, D-24121 Kiel, Germany",3.07180905196124,,,,,,,False,0.2835875764892633
YINQMPQKSREA,8.608,"Zambrowicz, Aleksandra, et al. ""Multifunctional peptides derived from an egg yolk protein hydrolysate: isolation and characterization."" Amino acids 47.2 (2015): 369-380.",5.06509774167769,,,,,,,False,0.2841102155955961
GHF,1100.0,"Matsumura N, Fujii M, Takeda Y, Sugita K, Shimizu T. Angiotensin I–converting enzyme inhibitory peptides derived from bonito bowels autolysate. Biosci Biotech Biochem 1993;57:695–7.",2.95860731484178,,,,,,,False,0.28421482463314857
PLPLL,453.418338994412,"Puchalska, Patrycja, M. Luisa Marina Alegre, and M. Concepcion Garcia Lopez. ""Isolation and characterization of peptides with antihypertensive activity in foodstuffs."" Critical reviews in food science and nutrition 55.4 (2015): 521-551.",3.34350091834491,,,,,,,False,0.2848041014058912
VQV,8.70963589956081,"Wu, Jianping, Rotimi E. Aluko, and Alister D. Muir. ""Purification of angiotensin I-converting enzyme-inhibitory peptides from the enzymatic hydrolysate of defatted canola meal."" Food chemistry 111.4 (2008): 942-950.",5.06,,,,,,,False,0.2850565731133286
SAYPGQITSN,7.08,"Sagardia, Iban, Rubén H. Roa-Ureta, and Carlos Bald. ""A new QSAR model, for angiotensin I-converting enzyme inhibitory oligopeptides."" Food chemistry 136.3-4 (2013): 1370-1376.",5.14996674231023,,,,,,,False,0.28510536586011687
SVAKL,900.0,"Matsumura, Nobuyasu, et al. ""Isolation and characterization of angiotensin I-converting enzyme inhibitory peptides derived from bonito bowels."" Bioscience, biotechnology, and biochemistry 57.10 (1993): 1743-1744.",3.04575749056068,,,,,,,False,0.2852509757981932
VPPIPP,8.91,"Ding, Fengyun, et al. ""VPPIPP and IPPVPP: two hexapeptides innovated to exert antihypertensive activity."" PloS one 8.4 (2013): e62384.",5.05012229596313,,,,,,,False,0.28582752707318454
VWDPPKFD,9.1,"Ahn, Chang-Bum, et al. ""Angiotensin I converting enzyme (ACE) inhibitory peptides from salmon byproduct protein hydrolysate by Alcalase hydrolysis."" Process Biochemistry 47.12 (2012): 2240-2245.",5.04095860767891,,,,,,,False,0.2858278541631229
LSA,9.71,"Puchalska, Patrycja, M. Luisa Marina Alegre, and M. Concepcion Garcia Lopez. ""Isolation and characterization of peptides with antihypertensive activity in foodstuffs."" Critical reviews in food science and nutrition 55.4 (2015): 521-551.",5.012780770092,,,,,,,False,0.28668233584445585
LRPVAA,4.14,"Puchalska, Patrycja, M. Luisa Marina Alegre, and M. Concepcion Garcia Lopez. ""Isolation and characterization of peptides with antihypertensive activity in foodstuffs."" Critical reviews in food science and nutrition 55.4 (2015): 521-551.",5.3829996588791,,,,,,,False,0.28706103350968654
AH,52.0,"Vladimir R.Vukic, In silico identification of milk antihypertensive di- and tripeptides involved in angiotensin I–converting enzyme inhibitory activity",4.2839966563652,,,,,,,False,0.28721332378780245
PRP,420.0,10551,3.3767507096021,,,,,,,False,0.28774721850248014
LKIPVA,6.07,"Ren, Yanrong, et al. ""Integrating Computational Modeling and Experimental Assay to Discover New Potent ACE‐Inhibitory Peptides."" Molecular informatics 33.1 (2014): 43-52.",5.21681130892474,,,,,,,False,0.2885207971526424
LYP,6.6,"Keiichi Yokoyama, Hideo Chiba, Masaaki Yoshikawa. Peptide Inhibitors for Angiotensin I-Converting Enzyme from Thermolysin Digest of Dried Bonito. Bioscience, Biotechnology, and Biochemistry, Volume 56, 1992, Page 1541-1545.",5.18045606445813,,,,,,,False,0.2886148311473229
VVYPWTQRF,5.5,"Sagardia, Iban, Rubén H. Roa-Ureta, and Carlos Bald. ""A new QSAR model, for angiotensin I-converting enzyme inhibitory oligopeptides."" Food chemistry 136.3-4 (2013): 1370-1376.",5.25963731050576,,,,,,,False,0.28865401982839645
FHSGIQSEPKAIP,520.0,"Kohmura, Masanori, Noriki Nio, and Yasuo Ariyoshi. ""Inhibition of angiotensin-converting enzyme by synthetic peptide fragments of various β-caseins."" Agricultural and biological chemistry 54.4 (1990): 1101-1102.",3.2839966563652,,,,,,,False,0.2899113479496054
NY,32.6,"Short communication: Bovine κ-casein variants result in different angiotensin I converting enzyme (ACE) inhibitory peptides C. Weimann,*1 H. Meisel,† and G. Erhardt* *Institute of Animal Breeding and Genetics, Ludwigstr. 21B, D-35390 Giessen, Germany †Max Rubner-Institute (MRI), Federal Research Institute of Nutrition and Food, Department of Safety and Quality of Milk and Fish Products, PO Box 6069, D-24121 Kiel, Germany",4.48678239993206,,,,,,,False,0.2905134536621086
YPR,16.5,"Saito Y, Wanezaki K, Kawato A, Imayasu S. Structure and activity of angiotensin I converting enzyme inhibitory peptides from sake and sake lees. Biosci Biotech Biochem 1994;58:1767–71.",4.78251605578609,,,,,,,False,0.2912923175935148
KA,31.5,"Sentandreu, Miguel Angel, and Fidel Toldrá. ""Evaluation of ACE inhibitory activity of dipeptides generated by the action of porcine muscle dipeptidyl peptidases."" Food Chemistry 102.2 (2007): 511-515.",4.5016894462104,,,,,,,False,0.2917727974663875
IAK,15.7,"Vladimir R.Vukic, In silico identification of milk antihypertensive di- and tripeptides involved in angiotensin I–converting enzyme inhibitory activity",4.80410034759077,,,,,,,False,0.292126904980895
VRGPFPIIV,395.0,"Sagardia, Iban, Rubén H. Roa-Ureta, and Carlos Bald. ""A new QSAR model, for angiotensin I-converting enzyme inhibitory oligopeptides."" Food chemistry 136.3-4 (2013): 1370-1376.",3.40340290437354,,,,,,,False,0.2921546599842915
LVYPFPGPIPNSLPQNIPP,5.3,"Sagardia, Iban, Rubén H. Roa-Ureta, and Carlos Bald. ""A new QSAR model, for angiotensin I-converting enzyme inhibitory oligopeptides."" Food chemistry 136.3-4 (2013): 1370-1376.",5.27572413039921,,,,,,,False,0.29262608602851914
PDWFLLL,1.76,9719,5.75448733218585,,,,,,,False,0.29326318814555724
RY,10.5,"Saito Y, Wanezaki K, Kawato A, Imayasu S. Structure and activity of angiotensin I converting enzyme inhibitory peptides from sake and sake lees. Biosci Biotech Biochem 1994;58:1767–71.",4.97881070093006,,,,,,,False,0.29348497432577836
GIQSEPKAIP,430.0,"Kohmura, Masanori, Noriki Nio, and Yasuo Ariyoshi. ""Inhibition of angiotensin-converting enzyme by synthetic peptide fragments of various β-caseins."" Agricultural and biological chemistry 54.4 (1990): 1101-1102.",3.36653154442041,,,,,,,False,0.293507628233098
WNPR,880.0,"Tomatsu, Makoto, et al. ""Novel angiotensin I-converting enzyme inhibitory peptides derived from soya milk."" Food chemistry 136.2 (2013): 612-616.",3.05551732784983,,,,,,,False,0.29356575434007864
LYPVK,4.5,"Maruyama, Susumu, Shinsuke Miyoshi, and Hideoki Tanaka. ""Angiotensin I-converting enzyme inhibitors derived from Ficus carica."" Agricultural and biological chemistry 53.10 (1989): 2763-2767.",5.34678748622466,,,,,,,False,0.2961407745146332
AGSP,37.2,"Balti, Rafik, et al. ""Analysis of novel angiotensin I-converting enzyme inhibitory peptides from enzymatic hydrolysates of cuttlefish (Sepia officinalis) muscle proteins."" Journal of agricultural and food chemistry 58.6 (2010): 3840-3846.",4.4294570601181,,,,,,,False,0.29738396080114543
FGRCVSP,6.2,"Iroyukifujita, H., K. Eiichiyokoyama, and Masaaki Yoshikawa. ""Classification and antihypertensive activity of angiotensin I‐converting enzyme inhibitory peptides derived from food proteins."" Journal of food science 65.4 (2000): 564-569.",5.20760831050175,,,,,,,False,0.29800212647721275
AAAPVAVAK,10.45,9829,4.98088370955293,,,,,,,False,0.2991560621710602
VVYPWT,6.02,"Yu, Yike, et al. ""Isolation and characterization of angiotensin I-converting enzyme inhibitory peptides derived from porcine hemoglobin."" Peptides 27.11 (2006): 2950-2956.",5.22040350874218,,,,,,,False,0.29961504294977803
VAHINVGK,6.76,"Sagardia, Iban, Rubén H. Roa-Ureta, and Carlos Bald. ""A new QSAR model, for angiotensin I-converting enzyme inhibitory oligopeptides."" Food chemistry 136.3-4 (2013): 1370-1376.",5.17005330405836,,,,,,,False,0.29992807115303366
ASQSIWLPGWL,4.02,9720,5.39577394691553,,,,,,,False,0.3000461477939064
IVGRPRHQG,6.2,"Keiichi Yokoyama, Hideo Chiba, Masaaki Yoshikawa. Peptide Inhibitors for Angiotensin I-Converting Enzyme from Thermolysin Digest of Dried Bonito. Bioscience, Biotechnology, and Biochemistry, Volume 56, 1992, Page 1541-1545.",5.20760831050175,,,,,,,False,0.30022410478414535
YLR,5.8,10044,5.23657200643706,,,,,,,False,0.3006733036719922
DDTGHDFEDTGEAM,9.64,"Lee, Jung Kwon, et al. ""Purification and characterization of angiotensin I converting enzyme inhibitory peptides from the rotifer, Brachionus rotundiformis."" Bioresource Technology 100.21 (2009): 5255-5259.",5.01592296609717,,,,,,,False,0.30163246209146594
APPH,31.91,"Lafarga, Tomas, Paula O’Connor, and Maria Hayes. ""Identification of novel dipeptidyl peptidase-IV and angiotensin-I-converting enzyme inhibitory peptides from meat proteins using in silico analysis."" Peptides 59 (2014): 53-62.",4.49607319580649,,,,,,,False,0.3027024944688442
LHLP,410.0,"Kohmura M, Nio N, Kubo K, Minoshma Y, Munekata E, Ariyosh E. Inhibition of angiotensin-converting enzyme by synthetic peptides of human_x0003_-casein. Agric Biol Chem 1989;53:2107–14.",3.38721614328026,,,,,,,False,0.3028498579970607
VAA,13.0,"Structures and Activity of Angiotensin-convertingEnzyme Inhibitors in anα-Zein HydrolysateShinsuke Miyoshi, Hiromi Ishikawa, Toshiyuki Kaneko, Fumio Fukui, HideokiTanaka & Susumu Maruyama ",4.88605664769316,,,,,,,False,0.3028883686023306
AVPYPQR,15.0,"1987, Susumu MARUYAMA, Hajime MITACHI, Hideoki TANAKA, Noboru TOMIZUKA and Hideo SUZUKI. Studies on the Active Site and Antihypertensive Activity of Angiotensin I-Converting Enzyme Inhibitors Derived from Casein.",4.82390874094432,,,,,,,False,0.3032601404107442
EKSYELP,14.41,"Balti, Rafik, et al. ""Nine novel angiotensin I-converting enzyme (ACE) inhibitory peptides from cuttlefish (Sepia officinalis) muscle protein hydrolysates and antihypertensive effect of the potent active peptide in spontaneously hypertensive rats."" Food chemistry 170 (2015): 519-525.",4.84133601918601,,,,,,,False,0.30331407374953484
PKLPPVKK,346.0,"Mimura, Tsutomu, et al. ""Angiotensin converting enzyme inhibitor."" U.S. Patent No. 5,098,887. 24 Mar. 1992.",3.46092390120722,,,,,,,False,0.3034464268384306
YQKFPQYLQY,11.1,"""Lu Xue, Xiaodan Wang, Zhihe Hu, Zijian Wu, Lijuan Wang, Hui Wang, Ming Yang """"Identification and characterization of an angiotensin-converting enzyme inhibitory peptide derived from bovine casein"""" Peptides, 2017""",4.95467702121334,,,,,,,False,0.30365780594801056
LW,6.8,"Iroyukifujita, H., K. Eiichiyokoyama, and Masaaki Yoshikawa. ""Classification and antihypertensive activity of angiotensin I‐converting enzyme inhibitory peptides derived from food proteins."" Journal of food science 65.4 (2000): 564-569.",5.16749108729376,,,,,,,False,0.3041427138895989
GIPGERGPVGPSG,43.4,"Zhang, Yuhao, et al. ""Effect of pretreatment on enzymatic hydrolysis of bovine collagen and formation of ACE-inhibitory peptides."" Food Chemistry 141.3 (2013): 2343-2354.",4.36251027048749,,,,,,,False,0.304651884795782
VPAF,575.0,"Hai‐Lun, H. E., et al. ""Analysis of novel angiotensin‐I‐converting enzyme inhibitory peptides from protease‐hydrolyzed marine shrimp Acetes chinensis."" Journal of peptide science: an official publication of the European Peptide Society 12.11 (2006): 726-733.",3.24033215531037,,,,,,,False,0.30480320253551174
YANPAVVRP,7.8,"Kohmura, Masanori, Noriki Nio, and Yasuo Ariyoshi. ""Inhibition of angiotensin-converting enzyme by synthetic peptide fragments of human κ-casein."" Agricultural and biological chemistry 54.3 (1990): 835-836.",5.10790539730952,,,,,,,False,0.3050385444336953
HY,26.1,"Saito Y, Wanezaki K, Kawato A, Imayasu S. Structure and activity of angiotensin I converting enzyme inhibitory peptides from sake and sake lees. Biosci Biotech Biochem 1994;58:1767–71.",4.58335949266172,,,,,,,False,0.30548067678226326
GL,2500.0,"Cheung, Hong-Son, et al. ""Binding of peptide substrates and inhibitors of angiotensin-converting enzyme. Importance of the COOH-terminal dipeptide sequence."" Journal of Biological Chemistry 255.2 (1980): 401-407.",2.60205999132796,,,,,,,False,0.30574091575165896
DKIYPSFQPQPLIYP,107.0,"Kohmura M, Nio N, Kubo K, Minoshma Y, Munekata E, Ariyosh E. Inhibition of angiotensin-converting enzyme by synthetic peptides of human_x0003_-casein. Agric Biol Chem 1989;53:2107–14.",3.97061622231479,,,,,,,False,0.3060806956280234
VPSERYL,249.5,"Ruiz, José Ángel Gómez, Mercedes Ramos, and Isidra Recio. ""Angiotensin converting enzyme-inhibitory activity of peptides isolated from Manchego cheese. Stability under simulated gastrointestinal digestion."" International dairy journal 14.12 (2004): 1075-1080.",3.60292945004059,,,,,,,False,0.30620969802261166
FNVPLYE,7.72,"Ahn, Chang-Bum, et al. ""Angiotensin I converting enzyme (ACE) inhibitory peptides from salmon byproduct protein hydrolysate by Alcalase hydrolysis."" Process Biochemistry 47.12 (2012): 2240-2245.",5.11238269966426,,,,,,,False,0.30625269909006414
ALPH,1800.0,"Matsumura, Nobuyasu, et al. ""Isolation and characterization of angiotensin I-converting enzyme inhibitory peptides derived from bonito bowels."" Bioscience, biotechnology, and biochemistry 57.10 (1993): 1743-1744.",2.74472749489669,,,,,,,False,0.3070134596651181
KAFR,32.48,"Guang, Cuie, and Robert D. Phillips. ""Purification, activity and sequence of angiotensin I converting enzyme inhibitory peptide from alcalase hydrolysate of peanut flour."" Journal of agricultural and food chemistry 57.21 (2009): 10102-10106.",4.48838397943086,,,,,,,False,0.30704038229184416
ALKAWSVAR,3.0,2975,5.52287874528034,,,,,,,False,0.30718099741380367
VYP,288.0,"Abubakar, Amhar, et al. ""Structural analysis of new antihypertensive peptides derived from cheese whey protein by proteinase K digestion."" Journal of Dairy Science 81.12 (1998): 3131-3138.",3.54060751224077,,,,,,,False,0.30746581630032377
YLAGNQ,14.0,IDENTIFICATION OF ANGIOTENSIN I-CONVERTING ENZYME INHIBITORY PEPTIDES DERIVED FROM THE PEPTIC DIGEST OF SOYBEAN PROTEIN,4.85387196432176,,,,,,,False,0.3075553123521394
FP,315.0,"Abubakar, Amhar, et al. ""Structural analysis of new antihypertensive peptides derived from cheese whey protein by proteinase K digestion."" Journal of Dairy Science 81.12 (1998): 3131-3138.",3.5016894462104,,,,,,,False,0.30757651815630943
YPFVEP,7.48,10084,5.12609840213554,,,,,,,False,0.3078603143867532
LT,250.0,"Shiozaki, Kazuhiro, et al. ""Identification of oyster-derived hypotensive peptide acting as angiotensin-I-converting enzyme inhibitor."" Fisheries Science 76.5 (2010): 865-872.",3.60205999132796,,,,,,,False,0.30799483922555493
VHIPP,10.0,"Angiotensin I-Converting Enzyme Inhibitory Activities of Synthetic Peptides Related to the Tandem Repeated Sequence of a Maize Endosperm Protein Susumu Maruyama, Shinsuke Miyoshi, Toshiyuki Kaneko & Hideoki Tanaka",5.0,,,,,,,False,0.308568994601591
NAQRP,32.0,"Jimsheena, V. K., and Lalitha R. Gowda. ""Angiotensin I-converting enzyme (ACE) inhibitory peptides derived from arachin by simulated gastric digestion."" Food chemistry 125.2 (2011): 561-569.",4.49485002168009,,,,,,,False,0.3088762806116224
MLPVY,5.4,"Ren, Yanrong, et al. ""Integrating Computational Modeling and Experimental Assay to Discover New Potent ACE‐Inhibitory Peptides."" Molecular informatics 33.1 (2014): 43-52.",5.26760624017703,,,,,,,False,0.3090583211108452
YNKL,21.0,Identification of an antihypertensive peptide from peptic digest of wakame (Undaria pinnatifida) Kunio Suetsuna* and Takahisa Nakano†,4.67778070526608,,,,,,,False,0.3093037693671277
DFG,44.7,"Balti, Rafik, et al. ""Analysis of novel angiotensin I-converting enzyme inhibitory peptides from enzymatic hydrolysates of cuttlefish (Sepia officinalis) muscle proteins."" Journal of agricultural and food chemistry 58.6 (2010): 3840-3846.",4.34969247686806,,,,,,,False,0.3094586668224788
AVNPIR,13.0,"Maruyama, Susumu, Shinsuke Miyoshi, and Hideoki Tanaka. ""Angiotensin I-converting enzyme inhibitors derived from Ficus carica."" Agricultural and biological chemistry 53.10 (1989): 2763-2767.",4.88605664769316,,,,,,,False,0.30946473975242117
LKIPLY,5.57,"Ren, Yanrong, et al. ""Integrating Computational Modeling and Experimental Assay to Discover New Potent ACE‐Inhibitory Peptides."" Molecular informatics 33.1 (2014): 43-52.",5.25414480482627,,,,,,,False,0.309549589472692
PGL,13.93,"Byun, Hee-Guk, and Se-Kwon Kim. ""Structure and activity of angiotensin I converting enzyme inhibitory peptides derived from Alaskan pollack skin."" BMB Reports 35.2 (2002): 239-243.",4.85604888357604,,,,,,,False,0.30970147665640324
YGAP,17.4,"Jing, Tao, et al. ""Rational design of angiotensin‐I‐converting enzyme inhibitory peptides by integrating in silico modeling and an in vitro assay."" ChemMedChem 8.7 (2013): 1057-1066.",4.7594507517174,,,,,,,False,0.30984252995118117
VYLPRM,2.32,9741,5.6345120151091,,,,,,,False,0.3101929153304279
GFPGER,952.6,9872,3.02108942282443,,,,,,,False,0.31040233520155336
KLYMRP,6.42,"Shi, Aimin, et al. ""Isolation, purification and molecular mechanism of a peanut protein-derived ACE-inhibitory peptide."" PloS one 9.10 (2014): e111188.",5.19246497193115,,,,,,,False,0.31071939766418094
YN,51.0,"Tsai, Jenn-Shou, Jia-Ling Chen, and Bonnie Sun Pan. ""ACE-inhibitory peptides identified from the muscle protein hydrolysate of hard clam (Meretrix lusoria)."" Process Biochemistry 43.7 (2008): 743-747.",4.29242982390206,,,,,,,False,0.31114117432741834
YIPIQYVLSR,174.5,"Sagardia, Iban, Rubén H. Roa-Ureta, and Carlos Bald. ""A new QSAR model, for angiotensin I-converting enzyme inhibitory oligopeptides."" Food chemistry 136.3-4 (2013): 1370-1376.",3.7582045687048,,,,,,,False,0.3112248441641088
PYKWLP,5.5,"Terashima, Masaaki, et al. ""Inhibition strength of short peptides derived from an ACE inhibitory peptide."" Journal of agricultural and food chemistry 59.20 (2011): 11234-11237.",5.25963731050576,,,,,,,False,0.31123420661456863
WLP,400.0,"Terashima, Masaaki, et al. ""Inhibition strength of short peptides derived from an ACE inhibitory peptide."" Journal of agricultural and food chemistry 59.20 (2011): 11234-11237.",3.39794000867204,,,,,,,False,0.3120130481596132
VLVPK,365.0,"Moayedi, Ali, et al. ""Peptidomic analysis of antioxidant and ACE-inhibitory peptides obtained from tomato waste proteins fermented using Bacillus subtilis."" Food chemistry 250 (2018): 180-187.",3.43770713554353,,,,,,,False,0.3123296321372741
PTHIKWG,7.6,"Kohama, Yasuhiro, et al. ""Potent synthetic analogues of angiotensin-converting enzyme inhibitor derived from tuna muscle."" Agricultural and biological chemistry 55.8 (1991): 2169-2170.",5.11918640771921,,,,,,,False,0.31241319067220835
LKA,8.5,"Iroyukifujita, H., Eiichiyokoyama, K., & Yoshikawa, M. (2000). Classification and Antihypertensive Activity of Angiotensin I-Converting Enzyme Inhibitory Peptides Derived from Food Proteins. Journal of Food Science, 65(4), 564–569. doi:10.1111/j.1365-2621.2000.tb16049.x",5.07058107428571,,,,,,,False,0.3129713777804759
VTPALR,13.4,"Puchalska, Patrycja, M. Luisa Marina Alegre, and M. Concepcion Garcia Lopez. ""Isolation and characterization of peptides with antihypertensive activity in foodstuffs."" Critical reviews in food science and nutrition 55.4 (2015): 521-551.",4.87289520163519,,,,,,,False,0.31304132312450034
TAPY,13.6,"Matsui T, Li CH, Osajima Y. Preparation and characterization of novel bioactive peptides responsible for angiotensin I–converting enzyme inhibition from wheat germ. J Pept Sci 1999;5:289–97.",4.86646109162978,,,,,,,False,0.3131770371704093
TYKEE,18.57,"Donkor, Osaana N., et al. ""ACE-inhibitory activity of probiotic yoghurt."" International dairy journal 17.11 (2007): 1321-1331.",4.73118809626022,,,,,,,False,0.313483303517552
DVPPYM,581.0,"Mimura, Tsutomu, et al. ""Angiotensin converting enzyme inhibitor."" U.S. Patent No. 5,098,887. 24 Mar. 1992.",3.23582386760967,,,,,,,False,0.3138784375921977
LPYPY,28.9,"Gómez‐Ruiz, José Ángel, Mercedes Ramos, and Isidra Recio. ""Identification of novel angiotensin‐converting enzyme‐inhibitory peptides from ovine milk proteins by CE‐MS and chromatographic techniques."" Electrophoresis 28.22 (2007): 4202-4211.",4.53910215724345,,,,,,,False,0.3141867308735552
WSVPQPK,21.0,"Sagardia, Iban, Rubén H. Roa-Ureta, and Carlos Bald. ""A new QSAR model, for angiotensin I-converting enzyme inhibitory oligopeptides."" Food chemistry 136.3-4 (2013): 1370-1376.",4.67778070526608,,,,,,,False,0.31420175468167966
{GABA}{GABA}P,3.4,10580,5.46852108295775,,,,,,,False,0.31466811903664355
QLLKLK,342.4,"Quirós, A., et al. ""Angiotensin-converting enzyme inhibitory activity of peptides derived from caprine kefir."" Journal of dairy science 88.10 (2005): 3480-3487.",3.46546624399488,,,,,,,False,0.31484701775047724
TK,1621.81009735893,"Wu, Jianping, Rotimi E. Aluko, and Alister D. Muir. ""Purification of angiotensin I-converting enzyme-inhibitory peptides from the enzymatic hydrolysate of defatted canola meal."" Food chemistry 111.4 (2008): 942-950.",2.79,,,,,,,False,0.3149046721157563
NP,2300.0,"Ichimura, Toshiaki, et al. ""Angiotensin I-converting enzyme inhibitory activity and insulin secretion stimulative activity of fermented fish sauce."" Journal of bioscience and bioengineering 96.5 (2003): 496-499.",2.63827216398241,,,,,,,False,0.31512314593388957
GPM,17.13,"Byun, H.-G., & Kim, S.-K. (2001). Purification and characterization of angiotensin I converting enzyme (ACE) inhibitory peptides from Alaska pollack (Theragra chalcogramma) skin. Process Biochemistry, 36(12), 1155–1162. doi:10.1016/s0032-9592(00)00297-1",4.76624263703449,,,,,,,False,0.3156883418902778
IPQEVLP,690.0,"Kohmura M, Nio N, Kubo K, Minoshma Y, Munekata E, Ariyosh E. Inhibition of angiotensin-converting enzyme by synthetic peptides of human_x0003_-casein. Agric Biol Chem 1989;53:2107–14.",3.16115090926275,,,,,,,False,0.3166888956527283
YH,43.7,"Puchalska, Patrycja, M. Luisa Marina Alegre, and M. Concepcion Garcia Lopez. ""Isolation and characterization of peptides with antihypertensive activity in foodstuffs."" Critical reviews in food science and nutrition 55.4 (2015): 521-551.",4.35951856302958,,,,,,,False,0.31804703430430986
FFGRCVSP,6.2,"Hiroyuki Fujita, Masaaki Yoshikawa, LKPNM: a prodrug-type ACE-inhibitory peptide derived from fish protein, In Immunopharmacology, Volume 44, Issues 1–2, 1999, Pages 123-127.",5.20760831050175,,,,,,,False,0.3180885675684809
CVL,6.8,"Hai‐Lun, H. E., et al. ""Analysis of novel angiotensin‐I‐converting enzyme inhibitory peptides from protease‐hydrolyzed marine shrimp Acetes chinensis."" Journal of peptide science: an official publication of the European Peptide Society 12.11 (2006): 726-733.",5.16749108729376,,,,,,,False,0.3184206749238863
LEGR,1090.0,"Liu, Rui, et al. ""Characterization of ACE inhibitory peptides from Mactra veneriformis hydrolysate by nano-liquid chromatography electrospray ionization mass spectrometry (Nano-LC-ESI-MS) and molecular docking."" Marine drugs 12.7 (2014): 3917-3928.",2.96257350205938,,,,,,,False,0.3186403092967886
LGI,629.0,"Puchalska, Patrycja, M. Luisa Marina Alegre, and M. Concepcion Garcia Lopez. ""Isolation and characterization of peptides with antihypertensive activity in foodstuffs."" Critical reviews in food science and nutrition 55.4 (2015): 521-551.",3.20134935455473,,,,,,,False,0.31900643562567405
YQNPRLGPTGELDPATQPIVAVHNPVIV,14.53,"Chen, Y., et al. ""Identification of angiotensin I-converting enzyme inhibitory peptides from koumiss, a traditional fermented mare's milk."" Journal of dairy science 93.3 (2010): 884-892.",4.83773438570198,,,,,,,False,0.31909758741090155
LSW,2.7,8507,5.56863623584101,,,,,,,False,0.3193155760220206
INKVVR,5.7,9737,5.24412514432751,,,,,,,False,0.3194708340621878
GTW,464.4,"Chen, Guan-Wen, Jenn-Shou Tsai, and Bonnie Sun Pan. ""Purification of angiotensin I-converting enzyme inhibitory peptides and antihypertensive effect of milk produced by protease-facilitated lactic fermentation."" International Dairy Journal 17.6 (2007): 641-647.",3.33310778893346,,,,,,,False,0.3195734112447582
AWW,6.5,"Gu, Yuchen, Kaustav Majumder, and Jianping Wu. ""QSAR-aided in silico approach in evaluation of food proteins as precursors of ACE inhibitory peptides."" Food Research International 44.8 (2011): 2465-2474.",5.18708664335714,,,,,,,False,0.31964949144261284
GHG,122.0,"Balti, Rafik, et al. ""Analysis of novel angiotensin I-converting enzyme inhibitory peptides from enzymatic hydrolysates of cuttlefish (Sepia officinalis) muscle proteins."" Journal of agricultural and food chemistry 58.6 (2010): 3840-3846.",3.91364016932525,,,,,,,False,0.320748967572083
FQKPKR,14.0,"Iroyukifujita, H., K. Eiichiyokoyama, and Masaaki Yoshikawa. ""Classification and antihypertensive activity of angiotensin I‐converting enzyme inhibitory peptides derived from food proteins."" Journal of food science 65.4 (2000): 564-569.",4.85387196432176,,,,,,,False,0.3208148915051269
GAPGLPGP,29.4,"Zhang, Yuhao, et al. ""Effect of pretreatment on enzymatic hydrolysis of bovine collagen and formation of ACE-inhibitory peptides."" Food Chemistry 141.3 (2013): 2343-2354.",4.53165266958784,,,,,,,False,0.32129889773770903
WYS,700.0,"Hernández-Ledesma, Blanca, et al. ""ACE-inhibitory and radical-scavenging activity of peptides derived from β-lactoglobulin f (19− 25). Interactions with ascorbic acid."" Journal of agricultural and food chemistry 55.9 (2007): 3392-3397.",3.15490195998574,,,,,,,False,0.3215891533414954
LHLWLP,9.0,"Quirós, Ana, et al. ""Stability to gastrointestinal enzymes and structure–activity relationship of β-casein-peptides with antihypertensive properties."" Peptides 30.10 (2009): 1848-1853.",5.04575749056068,,,,,,,False,0.3216928424222319
LNPA,312.0,"Yano, Seiko, Kazumasa Suzuki, and Gunki Funatsu. ""Isolation from α-zein of thermolysin peptides with angiotensin I-converting enzyme inhibitory activity."" Bioscience, biotechnology, and biochemistry 60.4 (1996): 661-663.",3.50584540598156,,,,,,,False,0.322501956186402
PNNKPFQ,33.0,"Kodera, Tomohiro, and Noriki Nio. ""Identification of an angiotensin I‐converting enzyme inhibitory peptides from protein hydrolysates by a soybean protease and the antihypertensive effects of hydrolysates in 4 spontaneously hypertensive model rats."" Journal of food science 71.3 (2006): C164-C173.",4.48148606012211,,,,,,,False,0.3226894634653058
GHP,1100.0,"Matsumura N, Fujii M, Takeda Y, Sugita K, Shimizu T. Angiotensin I–converting enzyme inhibitory peptides derived from bonito bowels autolysate. Biosci Biotech Biochem 1993;57:695–7.",2.95860731484178,,,,,,,False,0.3227193191876857
LVY,5.8,"Ren, Yanrong, et al. ""Integrating Computational Modeling and Experimental Assay to Discover New Potent ACE‐Inhibitory Peptides."" Molecular informatics 33.1 (2014): 43-52.",5.23657200643706,,,,,,,False,0.32280404800616
ACHP,360.7,"Short communication: Bovine κ-casein variants result in different angiotensin I converting enzyme (ACE) inhibitory peptides C. Weimann,*1 H. Meisel,† and G. Erhardt* *Institute of Animal Breeding and Genetics, Ludwigstr. 21B, D-35390 Giessen, Germany †Max Rubner-Institute (MRI), Federal Research Institute of Nutrition and Food, Department of Safety and Quality of Milk and Fish Products, PO Box 6069, D-24121 Kiel, Germany",3.44285385768164,,,,,,,False,0.3228383185256227
MM,547.0,"Anna, Torkova, et al. ""Effect of in vitro gastrointestinal digestion on bioactivity of poultry protein hydrolysate."" Current Research in Nutrition and Food Science Journal 4.Special Issue Nutrition in Conference October 2016 (2016): 77-86.",3.26201267366657,,,,,,,False,0.32329206814161293
LKPMN,9.79,"Sagardia, Iban, Rubén H. Roa-Ureta, and Carlos Bald. ""A new QSAR model, for angiotensin I-converting enzyme inhibitory oligopeptides."" Food chemistry 136.3-4 (2013): 1370-1376.",5.00921730819686,,,,,,,False,0.3239618254929226
MKY,7.2443596007499,"Wu, Jianping, Rotimi E. Aluko, and Alister D. Muir. ""Purification of angiotensin I-converting enzyme-inhibitory peptides from the enzymatic hydrolysate of defatted canola meal."" Food chemistry 111.4 (2008): 942-950.",5.14,,,,,,,False,0.3242327559178873
RPA,970.0,10552,3.01322826573376,,,,,,,False,0.3243875835133199
QSE,41.21,11316,4.38499738547541,,,,,,,False,0.32489304755900766
TDQHQDKIYP,380.0,"Kohmura M, Nio N, Kubo K, Minoshma Y, Munekata E, Ariyosh E. Inhibition of angiotensin-converting enzyme by synthetic peptides of human_x0003_-casein. Agric Biol Chem 1989;53:2107–14.",3.42021640338319,,,,,,,False,0.3253188829786623
EV,30.0,"Vladimir R.Vukic, In silico identification of milk antihypertensive di- and tripeptides involved in angiotensin I–converting enzyme inhibitory activity",4.52287874528034,,,,,,,False,0.3257920703087502
QSEPKAIP,750.0,"Kohmura, Masanori, Noriki Nio, and Yasuo Ariyoshi. ""Inhibition of angiotensin-converting enzyme by synthetic peptide fragments of various β-caseins."" Agricultural and biological chemistry 54.4 (1990): 1101-1102.",3.1249387366083,,,,,,,False,0.3258311083488325
MIPAY,8.7,"Jing, Tao, et al. ""Rational design of angiotensin‐I‐converting enzyme inhibitory peptides by integrating in silico modeling and an in vitro assay."" ChemMedChem 8.7 (2013): 1057-1066.",5.06048074738138,,,,,,,False,0.3264083668568881
VVCVPW,4.1,"Liu, Rui, et al. ""Characterization of ACE inhibitory peptides from Mactra veneriformis hydrolysate by nano-liquid chromatography electrospray ionization mass spectrometry (Nano-LC-ESI-MS) and molecular docking."" Marine drugs 12.7 (2014): 3917-3928.",5.38721614328026,,,,,,,False,0.3267826732589615
HLPLP,41.0,"Kohmura M, Nio N, Kubo K, Minoshma Y, Munekata E, Ariyosh E. Inhibition of angiotensin-converting enzyme by synthetic peptides of human_x0003_-casein. Agric Biol Chem 1989;53:2107–14.",4.38721614328026,,,,,,,False,0.3267996588969003
LLNPPHQIYP,9.6,"Kohmura M, Nio N, Kubo K, Minoshma Y, Munekata E, Ariyosh E. Inhibition of angiotensin-converting enzyme by synthetic peptides of human_x0003_-casein. Agric Biol Chem 1989;53:2107–14.",5.01772876696043,,,,,,,False,0.3268387339024998
IQSQPQAFP,630.0,"Kohmura, Masanori, Noriki Nio, and Yasuo Ariyoshi. ""Inhibition of angiotensin-converting enzyme by synthetic peptide fragments of various β-caseins."" Agricultural and biological chemistry 54.4 (1990): 1101-1102.",3.20065945054642,,,,,,,False,0.3278266962631124
LRY,5.01187233627272,"Wu, Jianping, Rotimi E. Aluko, and Alister D. Muir. ""Purification of angiotensin I-converting enzyme-inhibitory peptides from the enzymatic hydrolysate of defatted canola meal."" Food chemistry 111.4 (2008): 942-950.",5.3,,,,,,,False,0.32784860070494876
DW,13.0,"OHTA, Tomoki, et al. ""Antihypertensive action of the orally administered protease hydrolysates of chum salmon head and their angiotensin I-converting enzyme inhibitory peptides."" Food Science and Technology International, Tokyo 3.4 (1997): 339-343.",4.88605664769316,,,,,,,False,0.328016266488511
HYVPV,998.0,"Anna, Torkova, et al. ""Effect of in vitro gastrointestinal digestion on bioactivity of poultry protein hydrolysate."" Current Research in Nutrition and Food Science Journal 4.Special Issue Nutrition in Conference October 2016 (2016): 77-86.",3.00086945871263,,,,,,,False,0.32839557568661853
AA,51.4,"Sentandreu, Miguel Angel, and Fidel Toldrá. ""Evaluation of ACE inhibitory activity of dipeptides generated by the action of porcine muscle dipeptidyl peptidases."" Food Chemistry 102.2 (2007): 511-515.",4.28903688100473,,,,,,,False,0.32848687122899084
PFPGPIPN,12.79,10199,4.89312945552135,,,,,,,False,0.32889378504495215
FVAP,10.0,"1987, Susumu MARUYAMA, Hajime MITACHI, Hideoki TANAKA, Noboru TOMIZUKA and Hideo SUZUKI. Studies on the Active Site and Antihypertensive Activity of Angiotensin I-Converting Enzyme Inhibitors Derived from Casein.",5.0,,,,,,,False,0.32899992291060837
LPILR,779.8,9708,3.10801676914803,,,,,,,False,0.3291330928219828
INSQ,629.0,"Puchalska, Patrycja, M. Luisa Marina Alegre, and M. Concepcion Garcia Lopez. ""Isolation and characterization of peptides with antihypertensive activity in foodstuffs."" Critical reviews in food science and nutrition 55.4 (2015): 521-551.",3.20134935455473,,,,,,,False,0.3295027817250812
RMLGQTPTK,14.2,"Qian, Zhong-Ji, et al. ""Antihypertensive effect of an angiotensin I-converting enzyme inhibitory peptide from bullfrog (Rana catesbeiana Shaw) muscle protein in spontaneously hypertensive rats."" Process Biochemistry 42.10 (2007): 1443-1448.",4.84771165561694,,,,,,,False,0.3309536225067919
LEK,800.0,"Matsumura, Nobuyasu, et al. ""Isolation and characterization of angiotensin I-converting enzyme inhibitory peptides derived from bonito bowels."" Bioscience, biotechnology, and biochemistry 57.10 (1993): 1743-1744.",3.09691001300806,,,,,,,False,0.33125111981056565
GEF,13.0,10702,4.88605664769316,,,,,,,False,0.3318397135468491
GVPKVKETMVPKH,223.2,"Quirós, A., et al. ""Angiotensin-converting enzyme inhibitory activity of peptides derived from caprine kefir."" Journal of dairy science 88.10 (2005): 3480-3487.",3.65130580973446,,,,,,,False,0.3333756045841587
QKTAP,30.0,"Kohmura, Masanori, Noriki Nio, and Yasuo Ariyoshi. ""Inhibition of angiotensin-converting enzyme by synthetic peptide fragments of human κ-casein."" Agricultural and biological chemistry 54.3 (1990): 835-836.",4.52287874528034,,,,,,,False,0.3337945715217781
LVYPFTGPIPN,27.9,"Quirós, A., et al. ""Angiotensin-converting enzyme inhibitory activity of peptides derived from caprine kefir."" Journal of dairy science 88.10 (2005): 3480-3487.",4.5543957967264,,,,,,,False,0.33411845303922194
WPEAAELMMEVDP,21.6,"Puchalska, Patrycja, M. Luisa Marina Alegre, and M. Concepcion Garcia Lopez. ""Isolation and characterization of peptides with antihypertensive activity in foodstuffs."" Critical reviews in food science and nutrition 55.4 (2015): 521-551.",4.66554624884907,,,,,,,False,0.33412080444566294
AGTTCLFTPLALPYDYSH,8.08,"Eckert, Ewelina, et al. ""Egg-yolk protein by-product as a source of ACE-inhibitory peptides obtained with using unconventional proteinase from Asian pumpkin (Cucurbita ficifolia)."" Journal of proteomics 110 (2014): 107-116.",5.09258863922541,,,,,,,False,0.3352182541271205
GSH,32.3593656929628,"Wu, Jianping, Rotimi E. Aluko, and Alister D. Muir. ""Purification of angiotensin I-converting enzyme-inhibitory peptides from the enzymatic hydrolysate of defatted canola meal."" Food chemistry 111.4 (2008): 942-950.",4.49,,,,,,,False,0.33536065045214103
GFYPPP,32.0,"Mimura, Tsutomu, et al. ""Angiotensin converting enzyme inhibitor."" U.S. Patent No. 5,098,887. 24 Mar. 1992.",4.49485002168009,,,,,,,False,0.33540552259152806
PKDLREN,9.8,"Chen, Y., et al. ""Identification of angiotensin I-converting enzyme inhibitory peptides from koumiss, a traditional fermented mare's milk."" Journal of dairy science 93.3 (2010): 884-892.",5.00877392430751,,,,,,,False,0.3357116558752329
IPPGVPYWT,64.0,"Kodera, Tomohiro, and Noriki Nio. ""Identification of an angiotensin I‐converting enzyme inhibitory peptides from protein hydrolysates by a soybean protease and the antihypertensive effects of hydrolysates in 4 spontaneously hypertensive model rats."" Journal of food science 71.3 (2006): C164-C173.",4.19382002601611,,,,,,,False,0.33589919042207067
IEY,182.0,"Jimsheena, V. K., and Lalitha R. Gowda. ""Arachin derived peptides as selective angiotensin I-converting enzyme (ACE) inhibitors: structure–activity relationship."" Peptides 31.6 (2010): 1165-1176.",3.73992861201493,,,,,,,False,0.33611575325859216
WLAHK,77.0,"PIHLANTO-LEPPÄLÄ, A., KOSKINEN, P., PIILOLA, K., TUPASELA, T., & KORHONEN, H. (2000). Angiotensin I-converting enzyme inhibitory properties of whey protein digests: concentration and characterization of active peptides. Journal of Dairy Research, 67(1), 53–64. doi:10.1017/s0022029999003982",4.11350927482752,,,,,,,False,0.33669138167873525
KYIPIQ,7.28,10197,5.13786862068696,,,,,,,False,0.33680767060591565
FR,920.0,7592,3.03621217265445,,,,,,,False,0.3371997308086991
PPHMGGP,11.04,11494,4.95703092660682,,,,,,,False,0.33729171782560274
ISSMGILVCL,3.88,10081,5.41116827440579,,,,,,,False,0.33795315702202333
QSWMHQPHQ,19.26,"Phelan, Martha, et al. ""Angiotensin converting enzyme and nitric oxide inhibitory activities of novel milk derived peptides."" International Dairy Journal 35.1 (2014): 38-42.",4.71534371721148,,,,,,,False,0.33803809510710997
KPPETV,24.1,"Hai‐Lun, H. E., et al. ""Analysis of novel angiotensin‐I‐converting enzyme inhibitory peptides from protease‐hydrolyzed marine shrimp Acetes chinensis."" Journal of peptide science: an official publication of the European Peptide Society 12.11 (2006): 726-733.",4.61798295742513,,,,,,,False,0.3382450094166129
RML,1023.29299228075,"Wu, Jianping, Rotimi E. Aluko, and Alister D. Muir. ""Purification of angiotensin I-converting enzyme-inhibitory peptides from the enzymatic hydrolysate of defatted canola meal."" Food chemistry 111.4 (2008): 942-950.",2.99,,,,,,,False,0.33872581149624387
PSY,16.0,"Short communication: Bovine κ-casein variants result in different angiotensin I converting enzyme (ACE) inhibitory peptides C. Weimann,*1 H. Meisel,† and G. Erhardt* *Institute of Animal Breeding and Genetics, Ludwigstr. 21B, D-35390 Giessen, Germany †Max Rubner-Institute (MRI), Federal Research Institute of Nutrition and Food, Department of Safety and Quality of Milk and Fish Products, PO Box 6069, D-24121 Kiel, Germany",4.79588001734408,,,,,,,False,0.33875297482930716
KP,22.0,"Ichimura, Toshiaki, et al. ""Angiotensin I-converting enzyme inhibitory activity and insulin secretion stimulative activity of fermented fish sauce."" Journal of bioscience and bioengineering 96.5 (2003): 496-499.",4.65757731917779,,,,,,,False,0.33883314706235546
LDAQSAPLR,635.0,"PIHLANTO-LEPPÄLÄ, A., KOSKINEN, P., PIILOLA, K., TUPASELA, T., & KORHONEN, H. (2000). Angiotensin I-converting enzyme inhibitory properties of whey protein digests: concentration and characterization of active peptides. Journal of Dairy Research, 67(1), 53–64. doi:10.1017/s0022029999003982",3.19722627470802,,,,,,,False,0.3388551673365522
NHRNRMMDHVH,13.42,"Chen, Y., et al. ""Identification of angiotensin I-converting enzyme inhibitory peptides from koumiss, a traditional fermented mare's milk."" Journal of dairy science 93.3 (2010): 884-892.",4.87224748416703,,,,,,,False,0.33920515170516713
KALPMHIRLAF,11.0,"Sagardia, Iban, et al. ""Quantitative structure–activity relationship based screening of bioactive peptides identified in ripened cheese."" International Dairy Journal 33.2 (2013): 184-190.",4.95860731484178,,,,,,,False,0.33923152116848265
IAE,34.7,"Suetsuna K, Chen JR. Identification of antihypertensive peptides from peptic digest of two microalgae, Chlorella vulgaris and Spirulina platensis. Marine Biotechnol (NY) 2001;3:305–9.",4.45967052520913,,,,,,,False,0.33996592028220857
LAMA,1062.0,"PIHLANTO-LEPPÄLÄ, A., KOSKINEN, P., PIILOLA, K., TUPASELA, T., & KORHONEN, H. (2000). Angiotensin I-converting enzyme inhibitory properties of whey protein digests: concentration and characterization of active peptides. Journal of Dairy Research, 67(1), 53–64. doi:10.1017/s0022029999003982",2.97387548325455,,,,,,,False,0.34057917778049196
MYY,9.6,"Kohmura, Masanori, Noriki Nio, and Yasuo Ariyoshi. ""Inhibition of angiotensin-converting enzyme by synthetic peptide fragments of human κ-casein."" Agricultural and biological chemistry 54.3 (1990): 835-836.",5.01772876696043,,,,,,,False,0.34087309752660233
WGHGNPHV,15.33,10138,4.81445784514563,,,,,,,False,0.34092401940806283
RW,16.0,"Cheung, Hong-Son, et al. ""Binding of peptide substrates and inhibitors of angiotensin-converting enzyme. Importance of the COOH-terminal dipeptide sequence."" Journal of Biological Chemistry 255.2 (1980): 401-407.",4.79588001734408,,,,,,,False,0.3413777185953002
IYPRY,8.5,"Saito Y, Wanezaki K, Kawato A, Imayasu S. Structure and activity of angiotensin I converting enzyme inhibitory peptides from sake and sake lees. Biosci Biotech Biochem 1994;58:1767–71.",5.07058107428571,,,,,,,False,0.34152701676444713
GPAGAP,8.3,"Oshima, Genichiro, Hirokazu Shimabukuro, and Kinzo Nagasawa. ""Peptide inhibitors of angiotensin I-converting enzyme in digests of gelatin by bacterial collagenase."" Biochimica et Biophysica Acta (BBA)-Enzymology 566.1 (1979): 128-137.",5.08092190762393,,,,,,,False,0.34154762175266634
MPP,9.54992586021436,"Wu, Jianping, Rotimi E. Aluko, and Alister D. Muir. ""Purification of angiotensin I-converting enzyme-inhibitory peptides from the enzymatic hydrolysate of defatted canola meal."" Food chemistry 111.4 (2008): 942-950.",5.02,,,,,,,False,0.34198210994626577
KGYGGVSL,300.9,"Tavares, Tânia, et al. ""Novel whey-derived peptides with inhibitory effect against angiotensin-converting enzyme: in vitro effect and stability to gastrointestinal enzymes."" Peptides 32.5 (2011): 1013-1019.",3.52157781225992,,,,,,,False,0.34233641242695695
PFFDPQIP,410.0,"Kohmura M, Nio N, Kubo K, Minoshma Y, Munekata E, Ariyosh E. Inhibition of angiotensin-converting enzyme by synthetic peptides of human_x0003_-casein. Agric Biol Chem 1989;53:2107–14.",3.38721614328026,,,,,,,False,0.34352854444272785
GNPVGGVGHGTTGT,434.55,9788,3.36196024574056,,,,,,,False,0.3439252297952231
MLPAY,9.776,"Puchalska, Patrycja, M. Luisa Marina Alegre, and M. Concepcion Garcia Lopez. ""Isolation and characterization of peptides with antihypertensive activity in foodstuffs."" Critical reviews in food science and nutrition 55.4 (2015): 521-551.",5.00983880710152,,,,,,,False,0.34428050337924393
WIQP,14.2,10098,4.84771165561694,,,,,,,False,0.34435317325122905
RMLGQTP,501.2,"Sagardia, Iban, Rubén H. Roa-Ureta, and Carlos Bald. ""A new QSAR model, for angiotensin I-converting enzyme inhibitory oligopeptides."" Food chemistry 136.3-4 (2013): 1370-1376.",3.29998893767789,,,,,,,False,0.3444414160826282
KLP,500.0,"Escudero, Elizabeth, et al. ""Angiotensin I-converting enzyme inhibitory peptides generated from in vitro gastrointestinal digestion of pork meat."" Journal of Agricultural and Food Chemistry 58.5 (2010): 2895-2901.",3.30102999566398,,,,,,,False,0.3446757692725525
PTPAP,33.0,"Kohmura, Masanori, Noriki Nio, and Yasuo Ariyoshi. ""Inhibition of angiotensin-converting enzyme by synthetic peptide fragments of human κ-casein."" Agricultural and biological chemistry 54.3 (1990): 835-836.",4.48148606012211,,,,,,,False,0.3448100761038235
LKPDM,9.69,"Sagardia, Iban, Rubén H. Roa-Ureta, and Carlos Bald. ""A new QSAR model, for angiotensin I-converting enzyme inhibitory oligopeptides."" Food chemistry 136.3-4 (2013): 1370-1376.",5.01367622294923,,,,,,,False,0.3451816257364989
TKIVP,400.0,"Sagardia, Iban, Rubén H. Roa-Ureta, and Carlos Bald. ""A new QSAR model, for angiotensin I-converting enzyme inhibitory oligopeptides."" Food chemistry 136.3-4 (2013): 1370-1376.",3.39794000867204,,,,,,,False,0.34547801442334763
YRP,89.56,10587,4.04788591509301,,,,,,,False,0.34654500815451683
YPLDLF,24.4,"Sagardia, Iban, Rubén H. Roa-Ureta, and Carlos Bald. ""A new QSAR model, for angiotensin I-converting enzyme inhibitory oligopeptides."" Food chemistry 136.3-4 (2013): 1370-1376.",4.61261017366127,,,,,,,False,0.3471346872610359
YVVF,270.0,10023,3.56863623584101,,,,,,,False,0.34757066672726894
SVY,8.12830516164099,"Wu, Jianping, Rotimi E. Aluko, and Alister D. Muir. ""Purification of angiotensin I-converting enzyme-inhibitory peptides from the enzymatic hydrolysate of defatted canola meal."" Food chemistry 111.4 (2008): 942-950.",5.09,,,,,,,False,0.347711765687688
LAA,13.0,"Structures and Activity of Angiotensin-convertingEnzyme Inhibitors in anα-Zein HydrolysateShinsuke Miyoshi, Hiromi Ishikawa, Toshiyuki Kaneko, Fumio Fukui, HideokiTanaka & Susumu Maruyama ",4.88605664769316,,,,,,,False,0.34780862303752497
TGVY,18.2,"Martínez-Maqueda, Daniel, et al. ""Antihypertensive peptides from food proteins: a review."" Food & Function 3.4 (2012): 350-361.",4.73992861201493,,,,,,,False,0.34782321071300126
IAIP,470.0,"Kohmura, Masanori, Noriki Nio, and Yasuo Ariyoshi. ""Inhibition of angiotensin-converting enzyme by synthetic peptide fragments of human κ-casein."" Agricultural and biological chemistry 54.3 (1990): 835-836.",3.32790214206428,,,,,,,False,0.34816482571053614
GKMVKVVSWY,6.69,"Mimura, Tsutomu, et al. ""Angiotensin converting enzyme inhibitor."" U.S. Patent No. 5,098,887. 24 Mar. 1992.",5.17457388223218,,,,,,,False,0.3482593538429432
PTHIK,500.0,"Kohama, Yasuhiro, et al. ""Potent synthetic analogues of angiotensin-converting enzyme inhibitor derived from tuna muscle."" Agricultural and biological chemistry 55.8 (1991): 2169-2170.",3.30102999566398,,,,,,,False,0.34866802391548835
VAGTW,534.0,"PIHLANTO-LEPPÄLÄ, A., KOSKINEN, P., PIILOLA, K., TUPASELA, T., & KORHONEN, H. (2000). Angiotensin I-converting enzyme inhibitory properties of whey protein digests: concentration and characterization of active peptides. Journal of Dairy Research, 67(1), 53–64. doi:10.1017/s0022029999003982",3.27245874297144,,,,,,,False,0.34905572887766007
FCVL,19.8,"Hai‐Lun, H. E., et al. ""Analysis of novel angiotensin‐I‐converting enzyme inhibitory peptides from protease‐hydrolyzed marine shrimp Acetes chinensis."" Journal of peptide science: an official publication of the European Peptide Society 12.11 (2006): 726-733.",4.70333480973847,,,,,,,False,0.350105341586955
SQPQAFP,710.0,"Kohmura, Masanori, Noriki Nio, and Yasuo Ariyoshi. ""Inhibition of angiotensin-converting enzyme by synthetic peptide fragments of various β-caseins."" Agricultural and biological chemistry 54.4 (1990): 1101-1102.",3.14874165128092,,,,,,,False,0.35016278149580526
IIAPPER,8.72,9815,5.05948351506743,,,,,,,False,0.35048633896691306
APGAPGPVG,16.2,"Anna, Torkova, et al. ""Effect of in vitro gastrointestinal digestion on bioactivity of poultry protein hydrolysate."" Current Research in Nutrition and Food Science Journal 4.Special Issue Nutrition in Conference October 2016 (2016): 77-86.",4.79048498545737,,,,,,,False,0.3506937971452779
IVVE,315.3,"Suetsuna K, Chen JR. Identification of antihypertensive peptides from peptic digest of two microalgae, Chlorella vulgaris and Spirulina platensis. Marine Biotechnol (NY) 2001;3:305–9.",3.5012760292521,,,,,,,False,0.35104255815583374
KTAP,37.0,"Kohmura, Masanori, Noriki Nio, and Yasuo Ariyoshi. ""Inhibition of angiotensin-converting enzyme by synthetic peptide fragments of human κ-casein."" Agricultural and biological chemistry 54.3 (1990): 835-836.",4.43179827593301,,,,,,,False,0.35119862191158796
YTFPFH,24.12,10151,4.61762269653189,,,,,,,False,0.351354795489212
KY,13.0,Identification of an antihypertensive peptide from peptic digest of wakame (Undaria pinnatifida) Kunio Suetsuna* and Takahisa Nakano†,4.88605664769316,,,,,,,False,0.35151736838104125
KKYKVPQ,716.9,9234,3.14454141961396,,,,,,,False,0.3517620637450665
SEPKAIP,430.0,"Kohmura, Masanori, Noriki Nio, and Yasuo Ariyoshi. ""Inhibition of angiotensin-converting enzyme by synthetic peptide fragments of various β-caseins."" Agricultural and biological chemistry 54.4 (1990): 1101-1102.",3.36653154442041,,,,,,,False,0.3519243555796961
MPF,17.98,"Majumder, K., & Wu, J. (2009). Angiotensin I Converting Enzyme Inhibitory Peptides from Simulatedin VitroGastrointestinal Digestion of Cooked Eggs. Journal of Agricultural and Food Chemistry, 57(2), 471–477. doi:10.1021/jf8028557",4.74521031260279,,,,,,,False,0.35200817044031146
TKVIP,400.0,"Maeno, Masafumi, Naoyuki Yamamoto, and Toshiaki Takano. ""Identification of an antihypertensive peptide from casein hydrolysate produced by a proteinase from Lactobacillus helveticus CP790."" Journal of Dairy Science 79.8 (1996): 1316-1321.",3.39794000867204,,,,,,,False,0.3520107434740992
IAGRP,25.94,"Escudero, Elizabeth, Leticia Mora, and Fidel Toldrá. ""Stability of ACE inhibitory ham peptides against heat treatment and in vitro digestion."" Food chemistry 161 (2014): 305-311.",4.58603002825194,,,,,,,False,0.35214581598850786
VR,98.0,"Gómez‐Ruiz, José Ángel, Mercedes Ramos, and Isidra Recio. ""Identification of novel angiotensin‐converting enzyme‐inhibitory peptides from ovine milk proteins by CE‐MS and chromatographic techniques."" Electrophoresis 28.22 (2007): 4202-4211.",4.00877392430751,,,,,,,False,0.35232304376768936
FVAPFPEVFG,650.0,"Robert, Marie-Claude, et al. ""Identification of angiotensin-I-converting enzyme inhibitory peptides derived from sodium caseinate hydrolysates produced by Lactobacillus helveticus NCC 2765."" Journal of Agricultural and Food Chemistry 52.23 (2004): 6923-6931.",3.18708664335714,,,,,,,False,0.3536677755833593
KIYPSFQPQPLIYP,8.6,"Kohmura M, Nio N, Kubo K, Minoshma Y, Munekata E, Ariyosh E. Inhibition of angiotensin-converting enzyme by synthetic peptides of human_x0003_-casein. Agric Biol Chem 1989;53:2107–14.",5.06550154875643,,,,,,,False,0.3538105834907579
QIGLF,75.0,"Yu, Zhipeng, et al. ""QIGLF, a novel angiotensin I‐converting enzyme‐inhibitory peptide from egg white protein."" Journal of the Science of Food and Agriculture 91.5 (2011): 921-926.",4.1249387366083,,,,,,,False,0.3540046371629408
TGGGNV,496.0,"Ngo, Dai-Hung, et al. ""Free radical scavenging and angiotensin-I converting enzyme inhibitory peptides from Pacific cod (Gadus macrocephalus) skin gelatin."" International journal of biological macromolecules 49.5 (2011): 1110-1116.",3.3045183235098,,,,,,,False,0.3541824557112338
AMK,94.2,"Rao, Shengqi, et al. ""ACE inhibitory peptides and antioxidant peptides derived from in vitro digestion hydrolysate of hen egg white lysozyme."" Food chemistry 135.3 (2012): 1245-1252.",4.02594909720712,,,,,,,False,0.3542957870037242
LHPGDAQR,10.3,"Tomatsu, Makoto, et al. ""Novel angiotensin I-converting enzyme inhibitory peptides derived from soya milk."" Food chemistry 136.2 (2013): 612-616.",4.98716277529483,,,,,,,False,0.3544678659462128
YG,1522.6,"Mullally, M.M., Meisel, H. and FitzGerald, R.J. (1996) ""Synthetic Peptides Correspongding to α-lactalbumin and β-lactoglobulin Squences with Angiotensin-I-converting Enzyme Inhibitory Activity"" in Biological Chemistry Hoppe-Seyler 377, 259-260.",2.81741417454271,,,,,,,False,0.35465731325744365
VAPEEHPV,21.51,9821,4.66735958961254,,,,,,,False,0.35499661484930506
LSPA,315.0,"Yano, Seiko, Kazumasa Suzuki, and Gunki Funatsu. ""Isolation from α-zein of thermolysin peptides with angiotensin I-converting enzyme inhibitory activity."" Bioscience, biotechnology, and biochemistry 60.4 (1996): 661-663.",3.5016894462104,,,,,,,False,0.3550245360465789
LIVGFPAYGH,196.16,10438,3.70738954716168,,,,,,,False,0.35527310491343433
LIVGFPAYGH,196.16,11106,3.70738954716168,,,,,,,False,0.35527310491343433
FYQQ,25.0,"Yano, Seiko, Kazumasa Suzuki, and Gunki Funatsu. ""Isolation from α-zein of thermolysin peptides with angiotensin I-converting enzyme inhibitory activity."" Bioscience, biotechnology, and biochemistry 60.4 (1996): 661-663.",4.60205999132796,,,,,,,False,0.35527904759738455
SPYP,850.0,"Kuba, M., et al. ""Production of angiotensin I-converting enzyme inhibitory peptides from soybean protein with Monascus purpureus acid proteinase."" Process Biochemistry 40.6 (2005): 2191-2196.",3.07058107428571,,,,,,,False,0.355481879223508
LVF,360.0,10024,3.44369749923271,,,,,,,False,0.35552103970721743
PVRAVP,170.0,"Kohmura M, Nio N, Kubo K, Minoshma Y, Munekata E, Ariyosh E. Inhibition of angiotensin-converting enzyme by synthetic peptides of human_x0003_-casein. Agric Biol Chem 1989;53:2107–14.",3.76955107862173,,,,,,,False,0.35560264988865053
GFR,94.25,"Huang, Guan-Jhong, et al. ""Sweet potato storage root defensin and its tryptic hydrolysates exhibited angiotensin converting enzyme inhibitory activity in vitro."" Bot Stud 52.3 (2011): 257-264.",4.02571864112217,,,,,,,False,0.35578253741800564
WWW,536.02,10568,3.27081900559157,,,,,,,False,0.35595517596771303
ARHPH,15.34,"Donkor, Osaana N., et al. ""ACE-inhibitory activity of probiotic yoghurt."" International dairy journal 17.11 (2007): 1321-1331.",4.81417464038704,,,,,,,False,0.35605637985521416
MY,193.0,"Vladimir R.Vukic, In silico identification of milk antihypertensive di- and tripeptides involved in angiotensin I–converting enzyme inhibitory activity",3.71444269099223,,,,,,,False,0.35614022311066257
IYPSFQPQPLIYP,7.6,"Kohmura M, Nio N, Kubo K, Minoshma Y, Munekata E, Ariyosh E. Inhibition of angiotensin-converting enzyme by synthetic peptides of human_x0003_-casein. Agric Biol Chem 1989;53:2107–14.",5.11918640771921,,,,,,,False,0.35650591406242654
WQVLPNAVPAK,10.0,"Gómez‐Ruiz, José Ángel, Mercedes Ramos, and Isidra Recio. ""Identification of novel angiotensin‐converting enzyme‐inhibitory peptides from ovine milk proteins by CE‐MS and chromatographic techniques."" Electrophoresis 28.22 (2007): 4202-4211.",5.0,,,,,,,False,0.3567618789243349
KPVAAP,12.37,"Escudero, Elizabeth, Leticia Mora, and Fidel Toldrá. ""Stability of ACE inhibitory ham peptides against heat treatment and in vitro digestion."" Food chemistry 161 (2014): 305-311.",4.90763030037088,,,,,,,False,0.3570517602375726
WM,96.6,"Ono, S., et al. ""Food Chemistry and Toxicology-Isolation of Peptides with Angiotensin I-converting Enzyme Inhibitory Effect Derived from Hydrolysate of Upstream Chum Salmon Muscle."" Journal of Food Science 68.5 (2003): 1611-1690.",4.01502287358451,,,,,,,False,0.35730497572525244
PYPQR,15.0,10645,4.82390874094432,,,,,,,False,0.3575285054217173
TPTQQS,73.25,"Ni, He, et al. ""Isolation and identification of an Angiotensin-I converting enzyme inhibitory peptide from yeast (Saccharomyces cerevisiae)."" Current Analytical Chemistry 8.1 (2012): 180-185.",4.13519237097385,,,,,,,False,0.3576664571312053
GPIGSVGAP,31.8,"Oshima, Genichiro, Hirokazu Shimabukuro, and Kinzo Nagasawa. ""Peptide inhibitors of angiotensin I-converting enzyme in digests of gelatin by bacterial collagenase."" Biochimica et Biophysica Acta (BBA)-Enzymology 566.1 (1979): 128-137.",4.49757288001557,,,,,,,False,0.35798129650035315
GRP,20.0,"Matsufuji, H., Matsui, T., Seki, E., Osajima, K., Nakashima, M., & Osajima, Y. (1994). Angiotensin I-converting Enzyme Inhibitory Peptides in an Alkaline Protease Hydrolyzate Derived from Sardine Muscle. Bioscience, Biotechnology, and Biochemistry, 58(12), 2244–2245. doi:10.1271/bbb.58.2244 ",4.69897000433602,,,,,,,False,0.35808863060908364
YPG,23.44,9066,4.63004239265395,,,,,,,False,0.35817496296704643
VY,22.0,"Cheung, Hong-Son, et al. ""Binding of peptide substrates and inhibitors of angiotensin-converting enzyme. Importance of the COOH-terminal dipeptide sequence."" Journal of Biological Chemistry 255.2 (1980): 401-407.",4.65757731917779,,,,,,,False,0.35842056245786397
AFP,610.0,"Vladimir R.Vukic, In silico identification of milk antihypertensive di- and tripeptides involved in angiotensin I–converting enzyme inhibitory activity",3.21467016498923,,,,,,,False,0.35845018189017774
WPERPPQIP,22.94,"Liu, Meng, et al. ""Purification and identification of an ACE inhibitory peptide from walnut protein."" Journal of agricultural and food chemistry 61.17 (2013): 4097-4100.",4.63940658643475,,,,,,,False,0.35851202926897713
THDWWKER,583.6,10827,3.23388471677859,,,,,,,False,0.3586285253751909
VGP,26.3026799189538,"Wu, Jianping, Rotimi E. Aluko, and Alister D. Muir. ""Purification of angiotensin I-converting enzyme-inhibitory peptides from the enzymatic hydrolysate of defatted canola meal."" Food chemistry 111.4 (2008): 942-950.",4.58,,,,,,,False,0.3586636019375007
LYHVL,76.0,"Liu, Rui, et al. ""Characterization of ACE inhibitory peptides from Mactra veneriformis hydrolysate by nano-liquid chromatography electrospray ionization mass spectrometry (Nano-LC-ESI-MS) and molecular docking."" Marine drugs 12.7 (2014): 3917-3928.",4.11918640771921,,,,,,,False,0.3589060316214961
NYVADGLG,14.97,9826,4.82477819965695,,,,,,,False,0.35893720039234833
VENLHLPLPLL,175.0,"Robert, Marie-Claude, et al. ""Identification of angiotensin-I-converting enzyme inhibitory peptides derived from sodium caseinate hydrolysates produced by Lactobacillus helveticus NCC 2765."" Journal of Agricultural and Food Chemistry 52.23 (2004): 6923-6931.",3.75696195131371,,,,,,,False,0.3590681920683317
FLVPP,12.0,"Nakamura, Yasunori, and Toshiaki Takano. ""Angiotensin converting enzyme inhibitor and method for preparing same."" U.S. Patent No. 5,449,661. 12 Sep. 1995.",4.92081875395238,,,,,,,False,0.35912093789032484
LPHF,670.0,"Kuba, M., et al. ""Production of angiotensin I-converting enzyme inhibitory peptides from soybean protein with Monascus purpureus acid proteinase."" Process Biochemistry 40.6 (2005): 2191-2196.",3.17392519729917,,,,,,,False,0.3591881484093802
RVY,205.6,"Matsufuji, H., Matsui, T., Seki, E., Osajima, K., Nakashima, M., & Osajima, Y. (1994). Angiotensin I-converting Enzyme Inhibitory Peptides in an Alkaline Protease Hydrolyzate Derived from Sardine Muscle. Bioscience, Biotechnology, and Biochemistry, 58(12), 2244–2245. doi:10.1271/bbb.58.2244 ",3.68697688967676,,,,,,,False,0.35954434856384065
ITT,678.0,"Nakashima Y, Arihara K, Mio H, Itoh M. Antihypertensive activities of peptides derived from porcine skeletal muscle myosin in spontaneously hypertensive rats. J Food Sci 2002;67:434–7.",3.16877030613294,,,,,,,False,0.359847381341636
DTW,260.0,"Xie, Jingli, et al. ""Antihypertensive effects, molecular docking study, and isothermal titration calorimetry assay of angiotensin I-converting enzyme inhibitory peptides from Chlorella vulgaris."" Journal of agricultural and food chemistry 66.6 (2018): 1359-1368.",3.58502665202918,,,,,,,False,0.35984898905024326
IVGRRRHQG,14.0,"Puchalska, Patrycja, M. Luisa Marina Alegre, and M. Concepcion Garcia Lopez. ""Isolation and characterization of peptides with antihypertensive activity in foodstuffs."" Critical reviews in food science and nutrition 55.4 (2015): 521-551.",4.85387196432176,,,,,,,False,0.35988008657659704
NIPPLTQTPVVVPPFIQ,45.03,"Hayes, M., et al. ""Casein fermentate of Lactobacillus animalis DPC6134 contains a range of novel propeptide angiotensin-converting enzyme inhibitors."" Appl. Environ. Microbiol. 73.14 (2007): 4658-4667.",4.34649805303707,,,,,,,False,0.3598845928829679
IFG,1001.0,7639,2.99956592252068,,,,,,,False,0.3601243043810064
GPP,17.7827941003892,"Wu, Jianping, Rotimi E. Aluko, and Alister D. Muir. ""Purification of angiotensin I-converting enzyme-inhibitory peptides from the enzymatic hydrolysate of defatted canola meal."" Food chemistry 111.4 (2008): 942-950.",4.75,,,,,,,False,0.36028874996475135
QVPQPIP,660.0,"Kohmura M, Nio N, Kubo K, Minoshma Y, Munekata E, Ariyosh E. Inhibition of angiotensin-converting enzyme by synthetic peptides of human_x0003_-casein. Agric Biol Chem 1989;53:2107–14.",3.18045606445813,,,,,,,False,0.36044565608480195
VALGVPHH,334.0,"Mimura, Tsutomu, et al. ""Angiotensin converting enzyme inhibitor."" U.S. Patent No. 5,098,887. 24 Mar. 1992.",3.47625353318844,,,,,,,False,0.3604677065242641
MPACGSS,191.5,"Luna-Vital, Diego A., et al. ""Peptides present in the non-digestible fraction of common beans (Phaseolus vulgaris L.) inhibit the angiotensin-I converting enzyme by interacting with its catalytic cavity independent of their antioxidant capacity."" Food & function 6.5 (2015): 1470-1479.",3.71783122169536,,,,,,,False,0.36061639218613495
KKYNVPQ,716.9,"Ruiz, José Ángel Gómez, Mercedes Ramos, and Isidra Recio. ""Angiotensin converting enzyme-inhibitory activity of peptides isolated from Manchego cheese. Stability under simulated gastrointestinal digestion."" International dairy journal 14.12 (2004): 1075-1080.",3.14454141961396,,,,,,,False,0.3607434540149937
HIR,954.992586021437,"Wu, Jianping, Rotimi E. Aluko, and Alister D. Muir. ""Purification of angiotensin I-converting enzyme-inhibitory peptides from the enzymatic hydrolysate of defatted canola meal."" Food chemistry 111.4 (2008): 942-950.",3.02,,,,,,,False,0.3607668841868296
YKWLP,17.2,"Terashima, Masaaki, et al. ""Inhibition strength of short peptides derived from an ACE inhibitory peptide."" Journal of agricultural and food chemistry 59.20 (2011): 11234-11237.",4.76447155309245,,,,,,,False,0.3610535756369241
MKG,24.0,"Vladimir R.Vukic, In silico identification of milk antihypertensive di- and tripeptides involved in angiotensin I–converting enzyme inhibitory activity",4.61978875828839,,,,,,,False,0.361480151787529
WG,729.0,"Anna, Torkova, et al. ""Effect of in vitro gastrointestinal digestion on bioactivity of poultry protein hydrolysate."" Current Research in Nutrition and Food Science Journal 4.Special Issue Nutrition in Conference October 2016 (2016): 77-86.",3.13727247168203,,,,,,,False,0.36152161922752424
VHLPP,18.0,"Angiotensin I-Converting Enzyme Inhibitory Activities of Synthetic Peptides Related to the Tandem Repeated Sequence of a Maize Endosperm Protein Susumu Maruyama, Shinsuke Miyoshi, Toshiyuki Kaneko & Hideoki Tanaka",4.74472749489669,,,,,,,False,0.3616322230710236
IAQ,34.6736850452532,"Wu, Jianping, Rotimi E. Aluko, and Alister D. Muir. ""Purification of angiotensin I-converting enzyme-inhibitory peptides from the enzymatic hydrolysate of defatted canola meal."" Food chemistry 111.4 (2008): 942-950.",4.46,,,,,,,False,0.3617882490776226
GLTGRPGDAGPQGK,453.4,9871,3.3435184842095,,,,,,,False,0.3627167747932931
MKR,25.7,Purification and characterization of angiotensin I-converting enzyme inhibitory peptides from enzymatic hydrolysate of hen egg white lysozyme,4.59006687666871,,,,,,,False,0.3628450703683927
LVE,14.2,"Qian, Zhong-Ji, et al. ""Antihypertensive effect of an angiotensin I-converting enzyme inhibitory peptide from bullfrog (Rana catesbeiana Shaw) muscle protein in spontaneously hypertensive rats."" Process Biochemistry 42.10 (2007): 1443-1448.",4.84771165561694,,,,,,,False,0.36291982986172117
VM,120.0,"Vladimir R.Vukic, In silico identification of milk antihypertensive di- and tripeptides involved in angiotensin I–converting enzyme inhibitory activity",3.92081875395238,,,,,,,False,0.3629427815634052
ADVFNPR,485.7,9700,3.31363189652696,,,,,,,False,0.3629673541746631
RP,21.0,"Ichimura, Toshiaki, et al. ""Angiotensin I-converting enzyme inhibitory activity and insulin secretion stimulative activity of fermented fish sauce."" Journal of bioscience and bioengineering 96.5 (2003): 496-499.",4.67778070526608,,,,,,,False,0.3630339368601136
PKHP,709.0,"El-Salam, MH Abd, and S. El-Shibiny. ""Bioactive peptides of buffalo, camel, goat, sheep, mare, and yak milks and milk products."" Food Reviews International 29.1 (2013): 1-23.",3.14935376481693,,,,,,,False,0.36348335968190815
LPLPLL,10.46,10198,4.98046831546875,,,,,,,False,0.3638378280764682
LKISQ,10.64,9735,4.97305837204097,,,,,,,False,0.3638970441082226
VSK,13.8,11313,4.86012091359876,,,,,,,False,0.36409329520090117
FGGIDDINQIGQSD,47.37,"Morinaga, Yae, et al. ""Chemical nature of a new antihypertensive peptide derived from jellyfish."" Food science and technology research 16.4 (2010): 333-340.",4.32449661527204,,,,,,,False,0.3642443295996519
VKKVLGNP,28.5,"Sagardia, Iban, Rubén H. Roa-Ureta, and Carlos Bald. ""A new QSAR model, for angiotensin I-converting enzyme inhibitory oligopeptides."" Food chemistry 136.3-4 (2013): 1370-1376.",4.54515513999149,,,,,,,False,0.3643265706859754
RALP,650.0,"He, Rong, et al. ""Glycinyl-histidinyl-serine (GHS), a novel rapeseed protein-derived peptide has blood pressure-lowering effect in spontaneously hypertensive rats."" Journal of agricultural and food chemistry 61.35 (2013): 8396-8402.",3.18708664335714,,,,,,,False,0.36486786292766493
FEDYVPLSCF,10.77,"Ahn, Chang-Bum, et al. ""Angiotensin I converting enzyme (ACE) inhibitory peptides from salmon byproduct protein hydrolysate by Alcalase hydrolysis."" Process Biochemistry 47.12 (2012): 2240-2245.",4.96778429670202,,,,,,,False,0.3649102698973569
YQEPVL,280.0,"Sagardia, Iban, Rubén H. Roa-Ureta, and Carlos Bald. ""A new QSAR model, for angiotensin I-converting enzyme inhibitory oligopeptides."" Food chemistry 136.3-4 (2013): 1370-1376.",3.55284196865778,,,,,,,False,0.36523264214152795
KLPAGTLF,13.4,"Puchalska, Patrycja, M. Luisa Marina Alegre, and M. Concepcion Garcia Lopez. ""Isolation and characterization of peptides with antihypertensive activity in foodstuffs."" Critical reviews in food science and nutrition 55.4 (2015): 521-551.",4.87289520163519,,,,,,,False,0.36527209715877446
LAPSTIK,15.29,9818,4.81559251458768,,,,,,,False,0.36529581598346467
YVP,200.0,"Kohmura, Masanori, Noriki Nio, and Yasuo Ariyoshi. ""Inhibition of angiotensin-converting enzyme by synthetic peptide fragments of human κ-casein."" Agricultural and biological chemistry 54.3 (1990): 835-836.",3.69897000433602,,,,,,,False,0.3654163017472934
AHSY,11.6,"Balti, Rafik, et al. ""Analysis of novel angiotensin I-converting enzyme inhibitory peptides from enzymatic hydrolysates of cuttlefish (Sepia officinalis) muscle proteins."" Journal of agricultural and food chemistry 58.6 (2010): 3840-3846.",4.93554201077308,,,,,,,False,0.36544909227295613
VVYPWR,5.22,10139,5.28232949699774,,,,,,,False,0.3658860185727687
GM,1400.0,"Cheung, Hong-Son, et al. ""Binding of peptide substrates and inhibitors of angiotensin-converting enzyme. Importance of the COOH-terminal dipeptide sequence."" Journal of Biological Chemistry 255.2 (1980): 401-407.",2.85387196432176,,,,,,,False,0.36608898621186425
LF,349.1,"Mullally, M.M., Meisel, H. and FitzGerald, R.J. (1996) ""Synthetic Peptides Correspongding to α-lactalbumin and β-lactoglobulin Squences with Angiotensin-I-converting Enzyme Inhibitory Activity"" in Biological Chemistry Hoppe-Seyler 377, 259-260.",3.45705015118582,,,,,,,False,0.3663674831634966
FRC,7.0,"Gu, Yuchen, Kaustav Majumder, and Jianping Wu. ""QSAR-aided in silico approach in evaluation of food proteins as precursors of ACE inhibitory peptides."" Food Research International 44.8 (2011): 2465-2474.",5.15490195998574,,,,,,,False,0.36669198922551827
SIQSQPQAFP,560.0,"Kohmura, Masanori, Noriki Nio, and Yasuo Ariyoshi. ""Inhibition of angiotensin-converting enzyme by synthetic peptide fragments of various β-caseins."" Agricultural and biological chemistry 54.4 (1990): 1101-1102.",3.2518119729938,,,,,,,False,0.36684347590144517
FY,25.0,"Lantz, Ingrid, et al. ""Hemorphins derived from hemoglobin have an inhibitory action on angiotensin converting enzyme activity."" FEBS letters 287.1-2 (1991): 39-41.",4.60205999132796,,,,,,,False,0.36690488304909913
VWY,9.4,"Saito Y, Wanezaki K, Kawato A, Imayasu S. Structure and activity of angiotensin I converting enzyme inhibitory peptides from sake and sake lees. Biosci Biotech Biochem 1994;58:1767–71.",5.0268721464003,,,,,,,False,0.36744929585536995
LKGYGGVSLPEW,83.0,"Hernandez-Ledesma, Blanca, and Chia-Chien Hsieh. Bioactive food peptides in health and disease. 2013.",4.08092190762393,,,,,,,False,0.3678405603572448
FKCRRW,26.7,10467,4.57348873863543,,,,,,,False,0.367918326095349
YQKFPQY,20.0,"del Mar Contreras, María, et al. ""Novel casein-derived peptides with antihypertensive activity."" International Dairy Journal 19.10 (2009): 566-573.",4.69897000433602,,,,,,,False,0.36811676970919815
YGNPVGGVGH,522.04,9776,3.2822962190021,,,,,,,False,0.3685125321190476
YQEPVLQPVR,300.0,"Sagardia, Iban, Rubén H. Roa-Ureta, and Carlos Bald. ""A new QSAR model, for angiotensin I-converting enzyme inhibitory oligopeptides."" Food chemistry 136.3-4 (2013): 1370-1376.",3.52287874528034,,,,,,,False,0.3688932449999403
IAVPTGVA,14.7,9681,4.83268266525182,,,,,,,False,0.36918692446475754
KVF,14.0,"Rao, Shengqi, et al. ""ACE inhibitory peptides and antioxidant peptides derived from in vitro digestion hydrolysate of hen egg white lysozyme."" Food chemistry 135.3 (2012): 1245-1252.",4.85387196432176,,,,,,,False,0.36921687611815673
PYKLRP,10.2,"García-Tejedor, Aurora, et al. ""Novel antihypertensive lactoferrin-derived peptides produced by Kluyveromyces marxianus: gastrointestinal stability profile and in vivo angiotensin I-converting enzyme (ACE) inhibition."" Journal of agricultural and food chemistry 62.7 (2014): 1609-1616.",4.99139982823808,,,,,,,False,0.3693040910327864
FYN,18.1970085860998,"Wu, Jianping, Rotimi E. Aluko, and Alister D. Muir. ""Purification of angiotensin I-converting enzyme-inhibitory peptides from the enzymatic hydrolysate of defatted canola meal."" Food chemistry 111.4 (2008): 942-950.",4.74,,,,,,,False,0.36948050322536763
VVPP,285.0,"Nakamura, Yasunori, and Toshiaki Takano. ""Angiotensin converting enzyme inhibitor and method for preparing same."" U.S. Patent No. 5,449,661. 12 Sep. 1995.",3.54515513999149,,,,,,,False,0.3696912138093809
IPAIN,432.6,"Quirós, A., et al. ""Angiotensin-converting enzyme inhibitory activity of peptides derived from caprine kefir."" Journal of dairy science 88.10 (2005): 3480-3487.",3.36391348489693,,,,,,,False,0.36974679380872055
SQSKVLPVPQ,37.17,"Hayes, M., et al. ""Casein fermentate of Lactobacillus animalis DPC6134 contains a range of novel propeptide angiotensin-converting enzyme inhibitors."" Appl. Environ. Microbiol. 73.14 (2007): 4658-4667.",4.42980743890427,,,,,,,False,0.36980493867862063
EAP,407.380277804113,"Wu, Jianping, Rotimi E. Aluko, and Alister D. Muir. ""Purification of angiotensin I-converting enzyme-inhibitory peptides from the enzymatic hydrolysate of defatted canola meal."" Food chemistry 111.4 (2008): 942-950.",3.39,,,,,,,False,0.3701917853534366
WMY,550.0,10025,3.25963731050576,,,,,,,False,0.3702049784684883
DDQIHIF,333.5,10825,3.47690416174743,,,,,,,False,0.37020753463228256
YDDGSYKPH,5.38,9832,5.26921772433361,,,,,,,False,0.3707011451841665
IVGRPR,300.0,"Keiichi Yokoyama, Hideo Chiba, Masaaki Yoshikawa. Peptide Inhibitors for Angiotensin I-Converting Enzyme from Thermolysin Digest of Dried Bonito. Bioscience, Biotechnology, and Biochemistry, Volume 56, 1992, Page 1541-1545.",3.52287874528034,,,,,,,False,0.37127657630733973
APP,257.0,"Vladimir R.Vukic, In silico identification of milk antihypertensive di- and tripeptides involved in angiotensin I–converting enzyme inhibitory activity",3.59006687666871,,,,,,,False,0.37136450801860943
WA,277.3,"Puchalska, Patrycja, M. Luisa Marina Alegre, and M. Concepcion Garcia Lopez. ""Isolation and characterization of peptides with antihypertensive activity in foodstuffs."" Critical reviews in food science and nutrition 55.4 (2015): 521-551.",3.55705013042214,,,,,,,False,0.3713657516945883
TFPHGP,833.0,"Purification and identification of antihypertensive peptides from seaweed pipefish (Syngnathus schlegeli) muscle protein hydrolysate. Food Res. Int., 44, 703-707, 2011",3.07935499859321,,,,,,,False,0.37157019443607003
VFKAF,100.1,"Liu, Rui, et al. ""Characterization of ACE inhibitory peptides from Mactra veneriformis hydrolysate by nano-liquid chromatography electrospray ionization mass spectrometry (Nano-LC-ESI-MS) and molecular docking."" Marine drugs 12.7 (2014): 3917-3928.",3.99956592252068,,,,,,,False,0.37171844153320965
PLP,430.0,"Kohmura M, Nio N, Kubo K, Minoshma Y, Munekata E, Ariyosh E. Inhibition of angiotensin-converting enzyme by synthetic peptides of human_x0003_-casein. Agric Biol Chem 1989;53:2107–14.",3.36653154442041,,,,,,,False,0.3719209960455798
PPEIN,510.3,"Puchalska, Patrycja, M. Luisa Marina Alegre, and M. Concepcion Garcia Lopez. ""Isolation and characterization of peptides with antihypertensive activity in foodstuffs."" Critical reviews in food science and nutrition 55.4 (2015): 521-551.",3.29217443166777,,,,,,,False,0.37225370658701906
YLYEIAR,16.0,"Sagardia, Iban, Rubén H. Roa-Ureta, and Carlos Bald. ""A new QSAR model, for angiotensin I-converting enzyme inhibitory oligopeptides."" Food chemistry 136.3-4 (2013): 1370-1376.",4.79588001734408,,,,,,,False,0.3723177321683185
RSIKGF,32.7,"Balti, Rafik, et al. ""Nine novel angiotensin I-converting enzyme (ACE) inhibitory peptides from cuttlefish (Sepia officinalis) muscle protein hydrolysates and antihypertensive effect of the potent active peptide in spontaneously hypertensive rats."" Food chemistry 170 (2015): 519-525.",4.48545224733971,,,,,,,False,0.3723277032974467
VPFGVG,336.0,"Cushman, D. W., and H. S. Cheung. ""Spectrophotometric assay and properties of the angiotensin-converting enzyme of rabbit lung."" Biochemical pharmacology 20.7 (1971): 1637-1648.",3.47366072261016,,,,,,,False,0.37235902280119915
GVQGPM,736.7,"Lau, Ching Ching, et al. ""Novel angiotensin I-converting enzyme inhibitory peptides derived from edible mushroom Agaricus bisporus (JE Lange) Imbach identified by LC–MS/MS."" Food chemistry 148 (2014): 396-401.",3.13270933014512,,,,,,,False,0.3724896455330779
LNF,511.4,"Gu, Yuchen, and Jianping Wu. ""LC–MS/MS coupled with QSAR modeling in characterising of angiotensin I-converting enzyme inhibitory peptides from soybean proteins."" Food chemistry 141.3 (2013): 2682-2690.",3.29123927630968,,,,,,,False,0.37249994490967514
MAMP,199.1,10958,3.70092873997259,,,,,,,False,0.3726362441236704
GPPGAP,8.6,"Oshima, Genichiro, Hirokazu Shimabukuro, and Kinzo Nagasawa. ""Peptide inhibitors of angiotensin I-converting enzyme in digests of gelatin by bacterial collagenase."" Biochimica et Biophysica Acta (BBA)-Enzymology 566.1 (1979): 128-137.",5.06550154875643,,,,,,,False,0.3727014882509046
GS,1156.3,"Balti, Rafik, et al. ""Nine novel angiotensin I-converting enzyme (ACE) inhibitory peptides from cuttlefish (Sepia officinalis) muscle protein hydrolysates and antihypertensive effect of the potent active peptide in spontaneously hypertensive rats."" Food chemistry 170 (2015): 519-525.",2.93692947435704,,,,,,,False,0.37280589533843056
AGDDAPR,11.91,9834,4.92408823851722,,,,,,,False,0.3732052317471975
LLYQQPVLGPVRGPFPIIV,21.0,"Yamamoto, Naoyuki, Atsuko Akino, and Toshiaki Takano. ""Antihypertensive effect of the peptides derived from casein by an extracellular proteinase from Lactobacillus helveticus CP790."" Journal of dairy science 77.4 (1994): 917-922.",4.67778070526608,,,,,,,False,0.37377325615040674
YPRY,17.4,"Saito Y, Wanezaki K, Kawato A, Imayasu S. Structure and activity of angiotensin I converting enzyme inhibitory peptides from sake and sake lees. Biosci Biotech Biochem 1994;58:1767–71.",4.7594507517174,,,,,,,False,0.37379794725241183
PQNILP,440.0,"Kohmura M, Nio N, Kubo K, Minoshma Y, Munekata E, Ariyosh E. Inhibition of angiotensin-converting enzyme by synthetic peptides of human_x0003_-casein. Agric Biol Chem 1989;53:2107–14.",3.35654732351381,,,,,,,False,0.373894614585523
QPIP,860.0,"Kohmura M, Nio N, Kubo K, Minoshma Y, Munekata E, Ariyosh E. Inhibition of angiotensin-converting enzyme by synthetic peptides of human_x0003_-casein. Agric Biol Chem 1989;53:2107–14.",3.06550154875643,,,,,,,False,0.37422854957691304
VDSDVVKG,13.3,"Priyanto, Anugerah Dany, et al. ""Screening, discovery, and characterization of angiotensin-I converting enzyme inhibitory peptides derived from proteolytic hydrolysate of bitter melon seed proteins."" Journal of proteomics 128 (2015): 424-435.",4.87614835903291,,,,,,,False,0.37422868428024236
VAPFPEVF,362.0,"del Mar Contreras, María, et al. ""Novel casein-derived peptides with antihypertensive activity."" International Dairy Journal 19.10 (2009): 566-573.",3.44129142946683,,,,,,,False,0.37433275155373563
KAAAAP,19.79,"Escudero, Elizabeth, Leticia Mora, and Fidel Toldrá. ""Stability of ACE inhibitory ham peptides against heat treatment and in vitro digestion."" Food chemistry 161 (2014): 305-311.",4.7035542057936,,,,,,,False,0.37450836667507537
ENLHLPLPLL,250.0,"Robert, Marie-Claude, et al. ""Identification of angiotensin-I-converting enzyme inhibitory peptides derived from sodium caseinate hydrolysates produced by Lactobacillus helveticus NCC 2765."" Journal of Agricultural and Food Chemistry 52.23 (2004): 6923-6931.",3.60205999132796,,,,,,,False,0.37477201768090035
GPPGPP,11.3,"Oshima, Genichiro, Hirokazu Shimabukuro, and Kinzo Nagasawa. ""Peptide inhibitors of angiotensin I-converting enzyme in digests of gelatin by bacterial collagenase."" Biochimica et Biophysica Acta (BBA)-Enzymology 566.1 (1979): 128-137.",4.94692155651658,,,,,,,False,0.3749216132817334
TQVY,18.2,"Matsui, Toshiro, et al. ""Depressor Effect of Wheat Germ Hydrolysate and Its Novel Angiotensin I-Converting Enzyme Inhibitory Peptide, Ile-Val-Tyr, and the Metabplism in Rat and Human Plasma."" Biological and Pharmaceutical Bulletin 23.4 (2000): 427-431.",4.73992861201493,,,,,,,False,0.3750305798076912
NK,810.0,Identification of an antihypertensive peptide from peptic digest of wakame (Undaria pinnatifida) Kunio Suetsuna* and Takahisa Nakano†,3.09151498112135,,,,,,,False,0.37505412290292645
LDIQK,27.6,"Hernandez-Ledesma, Blanca, and Chia-Chien Hsieh. Bioactive food peptides in health and disease. 2013.",4.55909091793478,,,,,,,False,0.37533483966537745
IIAMK,498.0,"Ashok, A., Brijesha, N., & Aparna, H. S. (2019). Discovery, synthesis, and in vitro evaluation of a novel bioactive peptide for ACE and DPP-IV inhibitory activity. European journal of medicinal chemistry, 180, 99-110.",3.30277065724028,,,,,,,False,0.3754736200733177
PAQK,100.0,"Keiichi Yokoyama, Hideo Chiba, Masaaki Yoshikawa. Peptide Inhibitors for Angiotensin I-Converting Enzyme from Thermolysin Digest of Dried Bonito. Bioscience, Biotechnology, and Biochemistry, Volume 56, 1992, Page 1541-1545.",4.0,,,,,,,False,0.37548160601246366
DM,600.0,"Ichimura, Toshiaki, et al. ""Angiotensin I-converting enzyme inhibitory activity and insulin secretion stimulative activity of fermented fish sauce."" Journal of bioscience and bioengineering 96.5 (2003): 496-499.",3.22184874961636,,,,,,,False,0.3757154276940038
YR,191.0,"Miguel, Marta, et al. ""Vascular effects, angiotensin I-converting enzyme (ACE)-inhibitory activity, and antihypertensive properties of peptides derived from egg white."" Journal of agricultural and food chemistry 55.26 (2007): 10615-10621.",3.71896663275227,,,,,,,False,0.3758077110174985
VSP,10.0,"Structures and Activity of Angiotensin-convertingEnzyme Inhibitors in anα-Zein HydrolysateShinsuke Miyoshi, Hiromi Ishikawa, Toshiyuki Kaneko, Fumio Fukui, HideokiTanaka & Susumu Maruyama ",5.0,,,,,,,False,0.37589987264426306
IYPR,10.0,"Saito Y, Wanezaki K, Kawato A, Imayasu S. Structure and activity of angiotensin I converting enzyme inhibitory peptides from sake and sake lees. Biosci Biotech Biochem 1994;58:1767–71.",5.0,,,,,,,False,0.37607103161551453
YLYSPAY,8.52,10109,5.0695604052333,,,,,,,False,0.37611855850740494
FGF,19.5,10231,4.70996538863748,,,,,,,False,0.37620172175243016
AGP,560.0,"Escudero, Elizabeth, et al. ""Angiotensin I-converting enzyme inhibitory peptides generated from in vitro gastrointestinal digestion of pork meat."" Journal of Agricultural and Food Chemistry 58.5 (2010): 2895-2901.",3.2518119729938,,,,,,,False,0.3765066840042387
KFPQY,12.37,9552,4.90763030037088,,,,,,,False,0.3766744672319646
ALPP,280.0,"Kohmura M, Nio N, Kubo K, Minoshma Y, Munekata E, Ariyosh E. Inhibition of angiotensin-converting enzyme by synthetic peptides of human_x0003_-casein. Agric Biol Chem 1989;53:2107–14.",3.55284196865778,,,,,,,False,0.37672833684678436
SAPLRVY,8.0,"""Alpha-Lactoglobulin		SEC, RP-HPLC, LC-MS/MS	Shalaby et al. (2006)	in-vitro	30 	Hernandez-Ledesma, Blanca, and Chia-Chien Hsieh. Bioactive food peptides in health and disease. 2013.""",5.09691001300806,,,,,,,False,0.3768547297592665
MLLCS,24.7,"Ko, Seok-Chun, et al. ""Effect of angiotensin I-converting enzyme (ACE) inhibitory peptide purified from enzymatic hydrolysates of Styela plicata."" European Food Research and Technology 233.6 (2011): 915-922.",4.60730304674033,,,,,,,False,0.3769728849077585
FGG,82.5,"Balti, Rafik, et al. ""Analysis of novel angiotensin I-converting enzyme inhibitory peptides from enzymatic hydrolysates of cuttlefish (Sepia officinalis) muscle proteins."" Journal of agricultural and food chemistry 58.6 (2010): 3840-3846.",4.08354605145007,,,,,,,False,0.3771199952609992
FEP,12.0226443461741,"Wu, Jianping, Rotimi E. Aluko, and Alister D. Muir. ""Purification of angiotensin I-converting enzyme-inhibitory peptides from the enzymatic hydrolysate of defatted canola meal."" Food chemistry 111.4 (2008): 942-950.",4.92,,,,,,,False,0.3772183788366597
STHGVW,19.3,"Balti, Rafik, et al. ""Nine novel angiotensin I-converting enzyme (ACE) inhibitory peptides from cuttlefish (Sepia officinalis) muscle protein hydrolysates and antihypertensive effect of the potent active peptide in spontaneously hypertensive rats."" Food chemistry 170 (2015): 519-525.",4.71444269099223,,,,,,,False,0.37723054455512434
GVLY,16.0,"Orio, Lara P., et al. ""New ACE-inhibitory peptides from hemp seed (Cannabis sativa L.) proteins."" Journal of agricultural and food chemistry 65.48 (2017): 10482-10488.",4.79588001734408,,,,,,,False,0.3772478671102133
LGHWVY,6.25,9739,5.20411998265593,,,,,,,False,0.37740049220253846
FPQYLQY,14.0,Angiotensin‐I‐converting enzyme inhibitory peptides from tryptic hydrolysate of bovine αS2‐caseinJérôme TauzinLaurent MicloJean-Luc Gaillard,4.85387196432176,,,,,,,False,0.37743550839368867
LVVYPWTQ,11.8,"Zhao, Q., and J. M. Piot. ""Investigation of inhibition angiotensin-converting enzyme (ACE) activity and opioid activity of two hemorphins, LVV-hemorphin-5 and VV-hemorphin-5, isolated from a defined peptic hydrolysate of bovine hemoglobin."" Neuropeptides 31.2 (1997): 147-153.",4.92811799269387,,,,,,,False,0.37747310714217286
LVYPFP,132.0,"Gonzalez-Gonzalez, Cid, Trevor Gibson, and Paula Jauregi. ""Novel probiotic-fermented milk with angiotensin I-converting enzyme inhibitory peptides produced by Bifidobacterium bifidum MF 20/5."" International journal of food microbiology 167.2 (2013): 131-137.",3.87942606879415,,,,,,,False,0.377748203266759
ILKP,355.0,10365,3.44977164694491,,,,,,,False,0.3780002610447788
AAP,30.0,"1987, Susumu MARUYAMA, Hajime MITACHI, Hideoki TANAKA, Noboru TOMIZUKA and Hideo SUZUKI. Studies on the Active Site and Antihypertensive Activity of Angiotensin I-Converting Enzyme Inhibitors Derived from Casein.",4.52287874528034,,,,,,,False,0.37805400296800573
PGTAVFK,26.5,"Sagardia, Iban, Rubén H. Roa-Ureta, and Carlos Bald. ""A new QSAR model, for angiotensin I-converting enzyme inhibitory oligopeptides."" Food chemistry 136.3-4 (2013): 1370-1376.",4.57675412606319,,,,,,,False,0.3782198836464974
PPQSVLSLSQSKVLPVPQ,25.0,"Yamamoto, Naoyuki, Atsuko Akino, and Toshiaki Takano. ""Antihypertensive effect of the peptides derived from casein by an extracellular proteinase from Lactobacillus helveticus CP790."" Journal of dairy science 77.4 (1994): 917-922.",4.60205999132796,,,,,,,False,0.37822300104953205
IVR,14.0,"Maruyama, Susumu, Shinsuke Miyoshi, and Hideoki Tanaka. ""Angiotensin I-converting enzyme inhibitors derived from Ficus carica."" Agricultural and biological chemistry 53.10 (1989): 2763-2767.",4.85387196432176,,,,,,,False,0.3784960999883354
YYPQIMQY,24.8,"Kim YK, Chung BH. A novel angiotensin-I–converting enzyme inhibitory peptide from human a'er'fas1-casein. Biotechnol Lett 1999;21:575–8.",4.60554831917378,,,,,,,False,0.37850148103614045
FQP,12.0,"Keiichi Yokoyama, Hideo Chiba, Masaaki Yoshikawa. Peptide Inhibitors for Angiotensin I-Converting Enzyme from Thermolysin Digest of Dried Bonito. Bioscience, Biotechnology, and Biochemistry, Volume 56, 1992, Page 1541-1545.",4.92081875395238,,,,,,,False,0.37860222158922663
LVQ,14.1253754462275,"Wu, Jianping, Rotimi E. Aluko, and Alister D. Muir. ""Purification of angiotensin I-converting enzyme-inhibitory peptides from the enzymatic hydrolysate of defatted canola meal."" Food chemistry 111.4 (2008): 942-950.",4.85,,,,,,,False,0.37865576723562877
PSSNK,129.3,"Lau, Ching Ching, et al. ""Novel angiotensin I-converting enzyme inhibitory peptides derived from edible mushroom Agaricus bisporus (JE Lange) Imbach identified by LC–MS/MS."" Food chemistry 148 (2014): 396-401.",3.88840147511961,,,,,,,False,0.37881620840333885
HHTF,84.0,"Keiichi Yokoyama, Hideo Chiba, Masaaki Yoshikawa. Peptide Inhibitors for Angiotensin I-Converting Enzyme from Thermolysin Digest of Dried Bonito. Bioscience, Biotechnology, and Biochemistry, Volume 56, 1992, Page 1541-1545.",4.07572071393812,,,,,,,False,0.3788886710935574
FLCT,6.53,10140,5.18508681872493,,,,,,,False,0.3790751182137371
NLHLPLPLL,15.0,"Robert, Marie-Claude, et al. ""Identification of angiotensin-I-converting enzyme inhibitory peptides derived from sodium caseinate hydrolysates produced by Lactobacillus helveticus NCC 2765."" Journal of Agricultural and Food Chemistry 52.23 (2004): 6923-6931.",4.82390874094432,,,,,,,False,0.37921013331389963
TNP,945.5,"Nakashima Y, Arihara K, Mio H, Itoh M. Antihypertensive activities of peptides derived from porcine skeletal muscle myosin in spontaneously hypertensive rats. J Food Sci 2002;67:434–7.",3.02433846681894,,,,,,,False,0.3792666822601111
IFL,44.8,"Kuba, Megumi, et al. ""Angiotensin I-converting enzyme inhibitory peptides isolated from tofuyo fermented soybean food."" Bioscience, biotechnology, and biochemistry 67.6 (2003): 1278-1283.",4.34872198600186,,,,,,,False,0.37934682100033995
GRVMP,250.0,"Kohmura M, Nio N, Kubo K, Minoshma Y, Munekata E, Ariyosh E. Inhibition of angiotensin-converting enzyme by synthetic peptides of human_x0003_-casein. Agric Biol Chem 1989;53:2107–14.",3.60205999132796,,,,,,,False,0.37954936385443133
YV,628.0,"Puchalska, Patrycja, M. Luisa Marina Alegre, and M. Concepcion Garcia Lopez. ""Isolation and characterization of peptides with antihypertensive activity in foodstuffs."" Critical reviews in food science and nutrition 55.4 (2015): 521-551.",3.2020403562628,,,,,,,False,0.3795804782431705
AAPLAP,14.38,"Escudero, E., Mora, L., & Toldrá, F. (2014). Stability of ACE inhibitory ham peptides against heat treatment and in vitro digestion. Food Chemistry, 161, 305–311. doi:10.1016/j.foodchem.2014.03.117",4.84224111395314,,,,,,,False,0.3798031785128754
GW,114.89,"Nakahara, Takeharu, et al. ""Antihypertensive effect of peptide-enriched soy sauce-like seasoning and identification of its angiotensin I-converting enzyme inhibitory substances."" Journal of agricultural and food chemistry 58.2 (2009): 821-827.",3.93971777056165,,,,,,,False,0.37982237483035564
PFP,144.0,"El-Salam, MH Abd, and S. El-Shibiny. ""Bioactive peptides of buffalo, camel, goat, sheep, mare, and yak milks and milk products."" Food Reviews International 29.1 (2013): 1-23.",3.84163750790475,,,,,,,False,0.3800445925831745
RPK,91.8722604884158,"Silva, S. V., Anne Pihlanto, and F. Xavier Malcata. ""Bioactive peptides in ovine and caprine cheeselike systems prepared with proteases from Cynara cardunculus."" Journal of dairy science 89.9 (2006): 3336-3344.",4.03681559781254,,,,,,,False,0.38005497813860767
YKLRP,16.5,"García-Tejedor, Aurora, et al. ""Novel antihypertensive lactoferrin-derived peptides produced by Kluyveromyces marxianus: gastrointestinal stability profile and in vivo angiotensin I-converting enzyme (ACE) inhibition."" Journal of agricultural and food chemistry 62.7 (2014): 1609-1616.",4.78251605578609,,,,,,,False,0.3801769165372503
LVR,14.0,"Maruyama, Susumu, Shinsuke Miyoshi, and Hideoki Tanaka. ""Angiotensin I-converting enzyme inhibitors derived from Ficus carica."" Agricultural and biological chemistry 53.10 (1989): 2763-2767.",4.85387196432176,,,,,,,False,0.3802393986419706
ESAGIH,371.6,"Lassoued, Imen, et al. ""Angiotensin I‐converting enzyme inhibitory peptides FQPSF and LKYPI identified in Bacillus subtilis A26 hydrolysate of thornback ray muscle."" International Journal of Food Science & Technology 51.7 (2016): 1604-1609.",3.4299242946784,,,,,,,False,0.3808432294417127
YNK,125.0,Identification of an antihypertensive peptide from peptic digest of wakame (Undaria pinnatifida) Kunio Suetsuna* and Takahisa Nakano†,3.90308998699194,,,,,,,False,0.38085380047097306
AIGVGAIER,16.31,9840,4.78754603895972,,,,,,,False,0.38093548479022377
GI,1300.0,"Ichimura, Toshiaki, et al. ""Angiotensin I-converting enzyme inhibitory activity and insulin secretion stimulative activity of fermented fish sauce."" Journal of bioscience and bioengineering 96.5 (2003): 496-499.",2.88605664769316,,,,,,,False,0.3809590071658912
DAQSAPLRVY,12.2,"Tavares, Tânia, et al. ""Novel whey-derived peptides with inhibitory effect against angiotensin-converting enzyme: in vitro effect and stability to gastrointestinal enzymes."" Peptides 32.5 (2011): 1013-1019.",4.91364016932525,,,,,,,False,0.381187974140391
AMNPP,304.5,"Escudero, Elizabeth, Leticia Mora, and Fidel Toldrá. ""Stability of ACE inhibitory ham peptides against heat treatment and in vitro digestion."" Food chemistry 161 (2014): 305-311.",3.51641270303111,,,,,,,False,0.38123460206643656
LIPPGVPY,17.5,"García, M. C., et al. ""Vegetable foods: A cheap source of proteins and peptides with antihypertensive, antioxidant, and other less occurrence bioactivities."" Talanta 106 (2013): 328-349.",4.75696195131371,,,,,,,False,0.3813915914609369
VAKLEK,100.0,"Matsumura, Nobuyasu, et al. ""Isolation and characterization of angiotensin I-converting enzyme inhibitory peptides derived from bonito bowels."" Bioscience, biotechnology, and biochemistry 57.10 (1993): 1743-1744.",4.0,,,,,,,False,0.3814713890233122
GPPGTDGAP,10.5,"Oshima, Genichiro, Hirokazu Shimabukuro, and Kinzo Nagasawa. ""Peptide inhibitors of angiotensin I-converting enzyme in digests of gelatin by bacterial collagenase."" Biochimica et Biophysica Acta (BBA)-Enzymology 566.1 (1979): 128-137.",4.97881070093006,,,,,,,False,0.3820942333641189
FPQY,300.7,9283,3.52186657189948,,,,,,,False,0.3823159334797815
FTY,59.0,"Gildberg, Asbjørn, et al. ""Angiotensin I-converting enzyme inhibitory activity in a hydrolysate of proteins from Northern shrimp (Pandalus borealis) and identification of two novel inhibitory tri-peptides."" Process biochemistry 46.11 (2011): 2205-2209.",4.22914798835786,,,,,,,False,0.38243092629621644
PLW,36.0,"Vladimir R.Vukic, In silico identification of milk antihypertensive di- and tripeptides involved in angiotensin I–converting enzyme inhibitory activity",4.44369749923271,,,,,,,False,0.3827824259682841
FFL,37.0,"Wang, Wenyi, and Elvira Gonzalez De Mejia. ""A new frontier in soy bioactive peptides that may prevent age‐related chronic diseases."" Comprehensive reviews in food science and food safety 4.4 (2005): 63-78.",4.43179827593301,,,,,,,False,0.38288143851301576
LLDPR,277.16,10777,3.55726944733863,,,,,,,False,0.38300301010684934
YQEPVLGPVRG,412.0,"Sagardia, Iban, et al. ""Quantitative structure–activity relationship based screening of bioactive peptides identified in ripened cheese."" International Dairy Journal 33.2 (2013): 184-190.",3.38510278396687,,,,,,,False,0.38311467164716095
AHEPVK,62.8,"Lau, Ching Ching, Noorlidah Abdullah, and Adawiyah Suriza Shuib. ""Novel angiotensin I-converting enzyme inhibitory peptides derived from an edible mushroom, Pleurotus cystidiosus OK Miller identified by LC-MS/MS."" BMC complementary and alternative medicine 13.1 (2013): 313.",4.2020403562628,,,,,,,False,0.38331312320468713
RPRHQG,22.0,"Keiichi Yokoyama, Hideo Chiba, Masaaki Yoshikawa. Peptide Inhibitors for Angiotensin I-Converting Enzyme from Thermolysin Digest of Dried Bonito. Bioscience, Biotechnology, and Biochemistry, Volume 56, 1992, Page 1541-1545.",4.65757731917779,,,,,,,False,0.3833861156206177
GDAP,22.5,"Balti, Rafik, et al. ""Analysis of novel angiotensin I-converting enzyme inhibitory peptides from enzymatic hydrolysates of cuttlefish (Sepia officinalis) muscle proteins."" Journal of agricultural and food chemistry 58.6 (2010): 3840-3846.",4.64781748188864,,,,,,,False,0.3836695254783537
MAMPLW,35.4,10956,4.45099673797421,,,,,,,False,0.38374438499743807
LLMLDNDLPP,35.7,"Himaya, S. W. A., et al. ""An active peptide purified from gastrointestinal enzyme hydrolysate of Pacific cod skin gelatin attenuates angiotensin-1 converting enzyme (ACE) activity and cellular oxidative stress."" Food Chemistry 132.4 (2012): 1872-1882.",4.44733178388781,,,,,,,False,0.3839798407246511
VAND,411.0,"García, M. C., et al. ""Vegetable foods: A cheap source of proteins and peptides with antihypertensive, antioxidant, and other less occurrence bioactivities."" Talanta 106 (2013): 328-349.",3.38615817812393,,,,,,,False,0.3840573529811852
QSQPQAFP,700.0,"Kohmura, Masanori, Noriki Nio, and Yasuo Ariyoshi. ""Inhibition of angiotensin-converting enzyme by synthetic peptide fragments of various β-caseins."" Agricultural and biological chemistry 54.4 (1990): 1101-1102.",3.15490195998574,,,,,,,False,0.38427007484717446
IG,1200.0,"Cheung, Hong-Son, et al. ""Binding of peptide substrates and inhibitors of angiotensin-converting enzyme. Importance of the COOH-terminal dipeptide sequence."" Journal of Biological Chemistry 255.2 (1980): 401-407.",2.92081875395238,,,,,,,False,0.3843127136764767
IGSENSEKTTMP,51.37,"Hayes, M., et al. ""Casein fermentate of Lactobacillus animalis DPC6134 contains a range of novel propeptide angiotensin-converting enzyme inhibitors."" Appl. Environ. Microbiol. 73.14 (2007): 4658-4667.",4.28929043427566,,,,,,,False,0.38435202677196967
LVL,12.236,"Hazato, Tadahiko, and Ryoichi Kase. ""Isolation of angiotensin-converting enzyme inhibitor from porcine plasma."" Biochemical and biophysical research communications 139.1 (1986): 52-55.",4.91236053168736,,,,,,,False,0.3845817890049052
YSQQQQ,860.0,"Yano, Seiko, Kazumasa Suzuki, and Gunki Funatsu. ""Isolation from α-zein of thermolysin peptides with angiotensin I-converting enzyme inhibitory activity."" Bioscience, biotechnology, and biochemistry 60.4 (1996): 661-663.",3.06550154875643,,,,,,,False,0.3848332997135883
YQQPVLGPVR,300.0,"Sagardia, Iban, Rubén H. Roa-Ureta, and Carlos Bald. ""A new QSAR model, for angiotensin I-converting enzyme inhibitory oligopeptides."" Food chemistry 136.3-4 (2013): 1370-1376.",3.52287874528034,,,,,,,False,0.38487425835101835
FSL,172.9,Angiotensin I–Converting Enzyme Inhibitory Activity of Peptides Derived from Egg White Proteins by Enzymatic Hydrolysis  Egg-derived bioactive peptides with ACE-inhibitory properties: a literature update,3.76220500672608,,,,,,,False,0.3849135338358313
IEW,104.0,"Jimsheena, V. K., and Lalitha R. Gowda. ""Arachin derived peptides as selective angiotensin I-converting enzyme (ACE) inhibitors: structure–activity relationship."" Peptides 31.6 (2010): 1165-1176.",3.98296666070122,,,,,,,False,0.38511155452417123
ASLLPPY,334.0,"Mimura, Tsutomu, et al. ""Angiotensin converting enzyme inhibitor."" U.S. Patent No. 5,098,887. 24 Mar. 1992.",3.47625353318844,,,,,,,False,0.38523889378267545
EQGFLPGPEESGR,457.42,9795,3.33968485044255,,,,,,,False,0.3852958561237296
NKL,88.0,Identification of an antihypertensive peptide from peptic digest of wakame (Undaria pinnatifida) Kunio Suetsuna* and Takahisa Nakano†,4.05551732784983,,,,,,,False,0.38546203859660916
ITRY,236.9,"Puchalska, Patrycja, M. Luisa Marina Alegre, and M. Concepcion Garcia Lopez. ""Isolation and characterization of peptides with antihypertensive activity in foodstuffs."" Critical reviews in food science and nutrition 55.4 (2015): 521-551.",3.62543493927724,,,,,,,False,0.3856323757042887
HDWWKER,583.6,10826,3.23388471677859,,,,,,,False,0.3856376820312109
ALP,240.0,"Keiichi Yokoyama, Hideo Chiba, Masaaki Yoshikawa. Peptide Inhibitors for Angiotensin I-Converting Enzyme from Thermolysin Digest of Dried Bonito. Bioscience, Biotechnology, and Biochemistry, Volume 56, 1992, Page 1541-1545.",3.61978875828839,,,,,,,False,0.38590613505580346
SPRCR,41.0,"Lan, Xiongdiao, et al. ""Rapid purification and characterization of angiotensin converting enzyme inhibitory peptides from lizard fish protein hydrolysates with magnetic affinity separation."" Food chemistry 182 (2015): 136-142.",4.38721614328026,,,,,,,False,0.3859747558264903
LMGP,377.5,"O'Keeffe, Martina B., et al. ""Peptide identification in a porcine gelatin prolyl endoproteinase hydrolysate with angiotensin converting enzyme (ACE) inhibitory and hypotensive activity."" Journal of functional foods 34 (2017): 77-88.",3.42308304403479,,,,,,,False,0.3861097087850667
APSAK,325.7,"Lau, Ching Ching, et al. ""Novel angiotensin I-converting enzyme inhibitory peptides derived from edible mushroom Agaricus bisporus (JE Lange) Imbach identified by LC–MS/MS."" Food chemistry 148 (2014): 396-401.",3.48718224143513,,,,,,,False,0.38614691864831574
PLPLHMLP,27.32,11488,4.56351930499051,,,,,,,False,0.3863173040599468
RG,1200.0,"Cheung, Hong-Son, et al. ""Binding of peptide substrates and inhibitors of angiotensin-converting enzyme. Importance of the COOH-terminal dipeptide sequence."" Journal of Biological Chemistry 255.2 (1980): 401-407.",2.92081875395238,,,,,,,False,0.38661991182020256
NILP,560.0,"Kohmura M, Nio N, Kubo K, Minoshma Y, Munekata E, Ariyosh E. Inhibition of angiotensin-converting enzyme by synthetic peptides of human_x0003_-casein. Agric Biol Chem 1989;53:2107–14.",3.2518119729938,,,,,,,False,0.3868994011676507
IIAEK,63.7,"Power, O., et al. ""Selective enrichment of bioactive properties during ultrafiltration of a tryptic digest of β-lactoglobulin."" journal of functional foods 9 (2014): 38-47.",4.19586056766465,,,,,,,False,0.3869135754382763
PYKW,13.3,"Terashima, Masaaki, et al. ""Inhibition strength of short peptides derived from an ACE inhibitory peptide."" Journal of agricultural and food chemistry 59.20 (2011): 11234-11237.",4.87614835903291,,,,,,,False,0.38740477948133073
HHT,800.0,"Keiichi Yokoyama, Hideo Chiba, Masaaki Yoshikawa. Peptide Inhibitors for Angiotensin I-Converting Enzyme from Thermolysin Digest of Dried Bonito. Bioscience, Biotechnology, and Biochemistry, Volume 56, 1992, Page 1541-1545.",3.09691001300806,,,,,,,False,0.38780763277799296
GPTGPAGP,262.98,10791,3.5800772789624,,,,,,,False,0.3878553562855937
QK,885.0,"Keiichi Yokoyama, Hideo Chiba, Masaaki Yoshikawa. Peptide Inhibitors for Angiotensin I-Converting Enzyme from Thermolysin Digest of Dried Bonito. Bioscience, Biotechnology, and Biochemistry, Volume 56, 1992, Page 1541-1545.",3.05305672930217,,,,,,,False,0.38822975327253556
LFLIKH,8.47,9738,5.07211658966929,,,,,,,False,0.3882760257114413
NPAVVRP,19.0,"Kohmura, Masanori, Noriki Nio, and Yasuo Ariyoshi. ""Inhibition of angiotensin-converting enzyme by synthetic peptide fragments of human κ-casein."" Agricultural and biological chemistry 54.3 (1990): 835-836.",4.72124639904717,,,,,,,False,0.3884807723451599
INYWL,11.0,"Hernandez-Ledesma, Blanca, and Chia-Chien Hsieh. Bioactive food peptides in health and disease. 2013.",4.95860731484178,,,,,,,False,0.3887287586784682
IR,695.5,"Mullally, M.M., Meisel, H. and FitzGerald, R.J. (1996) ""Synthetic Peptides Correspongding to α-lactalbumin and β-lactoglobulin Squences with Angiotensin-I-converting Enzyme Inhibitory Activity"" in Biological Chemistry Hoppe-Seyler 377, 259-260.",3.15770286567193,,,,,,,False,0.3887411266318252
GLG,730.0,"OHTA, Tomoki, et al. ""Antihypertensive action of the orally administered protease hydrolysates of chum salmon head and their angiotensin I-converting enzyme inhibitory peptides."" Food Science and Technology International, Tokyo 3.4 (1997): 339-343.",3.13667713987954,,,,,,,False,0.3888257390740655
REKVLASS,32.0,"Sagardia, Iban, et al. ""Quantitative structure–activity relationship based screening of bioactive peptides identified in ripened cheese."" International Dairy Journal 33.2 (2013): 184-190.",4.49485002168009,,,,,,,False,0.3889288181286519
NKGPR,150.0,"Li, M., Fan, W., & Xu, Y. (2021). Identification of angiotensin converting enzyme (ACE) inhibitory and antioxidant peptides derived from Pixian broad bean paste. LWT, 151, 112221.",3.82390874094432,,,,,,,False,0.3889481954584953
GSAGPAGPSGPRGP,166.0,11108,3.77989191195995,,,,,,,False,0.3890706281293963
IYLL,42.0,"Wang, Wenyi, and Elvira Gonzalez De Mejia. ""A new frontier in soy bioactive peptides that may prevent age‐related chronic diseases."" Comprehensive reviews in food science and food safety 4.4 (2005): 63-78.",4.3767507096021,,,,,,,False,0.39006001863080375
YTAGV,27.38,"Majumder, K., & Wu, J. (2009). Angiotensin I Converting Enzyme Inhibitory Peptides from Simulatedin VitroGastrointestinal Digestion of Cooked Eggs. Journal of Agricultural and Food Chemistry, 57(2), 471–477. doi:10.1021/jf8028557",4.56256655620203,,,,,,,False,0.3900710086697839
FGASTRGA,14.7,"Je, Jae-Young, et al. ""A novel angiotensin I converting enzyme inhibitory peptide from Alaska pollack (Theragra chalcogramma) frame protein hydrolysate."" Journal of agricultural and food chemistry 52.26 (2004): 7842-7845.",4.83268266525182,,,,,,,False,0.3902272204147975
SWSF,76.3,"García, M. C., et al. ""Vegetable foods: A cheap source of proteins and peptides with antihypertensive, antioxidant, and other less occurrence bioactivities."" Talanta 106 (2013): 328-349.",4.11747546204512,,,,,,,False,0.3905590581013382
TTMPLW,51.0,"Pihlanto-Leppa¨la¨ A, Rokka T, Korhonen H. Angiotensin I converting enzyme inhibitory peptides derived from bovine milk proteins. Int Dairy J 1998;8:325–31.",4.29242982390206,,,,,,,False,0.39082176948002983
AC,547.02,11320,3.26199679481675,,,,,,,False,0.3908442462014626
HSSIQSQPQAFT,1001.0,7673,2.99956592252068,,,,,,,False,0.3910177647682189
GIL,53.8,"Rao, Shengqi, et al. ""ACE inhibitory peptides and antioxidant peptides derived from in vitro digestion hydrolysate of hen egg white lysozyme."" Food chemistry 135.3 (2012): 1245-1252.",4.26921772433361,,,,,,,False,0.3910292015783735
PQR,700.0,"1987, Susumu MARUYAMA, Hajime MITACHI, Hideoki TANAKA, Noboru TOMIZUKA and Hideo SUZUKI. Studies on the Active Site and Antihypertensive Activity of Angiotensin I-Converting Enzyme Inhibitors Derived from Casein.",3.15490195998574,,,,,,,False,0.3914427966048289
WRP,46.71,10585,4.33059013271222,,,,,,,False,0.3916217964994584
ER,667.0,"Escudero, Elizabeth, et al. ""Angiotensin I-converting enzyme inhibitory peptides generated from in vitro gastrointestinal digestion of pork meat."" Journal of Agricultural and Food Chemistry 58.5 (2010): 2895-2901.",3.17587416608345,,,,,,,False,0.39190914742263916
EKGP,129.9,"O'Keeffe, Martina B., et al. ""Peptide identification in a porcine gelatin prolyl endoproteinase hydrolysate with angiotensin converting enzyme (ACE) inhibitory and hypotensive activity."" Journal of functional foods 34 (2017): 77-88.",3.88639084892697,,,,,,,False,0.3919139401143841
VIEPR,632.0,9709,3.19928292171762,,,,,,,False,0.39229942450076255
AGSS,672.1,"Balti, Rafik, et al. ""Analysis of novel angiotensin I-converting enzyme inhibitory peptides from enzymatic hydrolysates of cuttlefish (Sepia officinalis) muscle proteins."" Journal of agricultural and food chemistry 58.6 (2010): 3840-3846.",3.17256610459922,,,,,,,False,0.39234869763907004
IDALNENK,71.2,"Chobert, Jean-Marc, et al. ""Angiotensin I-converting-enzyme (ACE)-inhibitory activity of tryptic peptides of ovine $\beta $-lactoglobulin and of milk yoghurts obtained by using different starters."" Le Lait 85.3 (2005): 141-152.",4.14752000636314,,,,,,,False,0.3924364837961385
GEGGP,254.0,"Koo, Kyo-Chul, et al. ""Production and characterization of antihypertensive angiotensin I-converting enzyme inhibitor from Pholiota adiposa."" Journal of microbiology and biotechnology 16.5 (2006): 757-763.",3.59516628338006,,,,,,,False,0.3926100471771848
QAFT,1001.0,"ACE inhibitory peptides. in: Nutraceutical proteins and peptides in health and disease. Mine Y., Shahidi F. (Eds.), CRC Taylor & Francis Group, Boca Raton, London, New York, 269-315.",2.99956592252068,,,,,,,False,0.3930236382986598
AQQLAAQLPAMCR,68.0,"Asoodeh, Ahmad, et al. ""Potential angiotensin I converting enzyme inhibitory peptides from gluten hydrolysate: biochemical characterization and molecular docking study."" Journal of Cereal Science 60.1 (2014): 92-98.",4.16749108729376,,,,,,,False,0.3930840469414669
SVAKLEK,82.0,"Matsumura, Nobuyasu, et al. ""Isolation and characterization of angiotensin I-converting enzyme inhibitory peptides derived from bonito bowels."" Bioscience, biotechnology, and biochemistry 57.10 (1993): 1743-1744.",4.08618614761628,,,,,,,False,0.39317704144485244
FVP,10.1,"Tomatsu, Makoto, et al. ""Novel angiotensin I-converting enzyme inhibitory peptides derived from soya milk."" Food chemistry 136.2 (2013): 612-616.",4.99567862621736,,,,,,,False,0.39325363392059903
AHLL,33.7,"Li, Ying, et al. ""Purification of a novel angiotensin I-converting enzyme (ACE) inhibitory peptide with an antihypertensive effect from loach (Misgurnus anguillicaudatus)."" Journal of agricultural and food chemistry 60.5 (2012): 1320-1325.",4.47237009912866,,,,,,,False,0.3933573942498264
VRGPFP,592.0,"Ruiz, José Ángel Gómez, Mercedes Ramos, and Isidra Recio. ""Angiotensin converting enzyme-inhibitory activity of peptides isolated from Manchego cheese. Stability under simulated gastrointestinal digestion."" International dairy journal 14.12 (2004): 1075-1080.",3.22767829327708,,,,,,,False,0.3933732179594644
VAWKL,31.97,"Astawan, Made, et al. ""Effects of angiotensin I-converting enzyme inhibitory substances derived from Indonesian dried-salted fish on blood pressure of rats."" Bioscience, biotechnology, and biochemistry 59.3 (1995): 425-429.",4.49525736372831,,,,,,,False,0.39355363113485997
VPPLYPN,21.0,"Mimura, Tsutomu, et al. ""Angiotensin converting enzyme inhibitor."" U.S. Patent No. 5,098,887. 24 Mar. 1992.",4.67778070526608,,,,,,,False,0.3936444375522669
HLPLPLL,34.4,"del Mar Contreras, María, et al. ""Novel casein-derived peptides with antihypertensive activity."" International Dairy Journal 19.10 (2009): 566-573.",4.46344155742847,,,,,,,False,0.393913636264533
GVGY,35.0,"Martínez-Maqueda, Daniel, et al. ""Antihypertensive peptides from food proteins: a review."" Food & Function 3.4 (2012): 350-361.",4.45593195564972,,,,,,,False,0.39398274996518773
PGLPKK,32.0,"Mimura, Tsutomu, et al. ""Angiotensin converting enzyme inhibitor."" U.S. Patent No. 5,098,887. 24 Mar. 1992.",4.49485002168009,,,,,,,False,0.3942145761121657
STHGVY,19.3,8351,4.71444269099223,,,,,,,False,0.39425486080278227
RDILNQ,435.7,Angiotensin I–Converting Enzyme Inhibitory Activity of Peptides Derived from Egg White Proteins by Enzymatic Hydrolysis  Egg-derived bioactive peptides with ACE-inhibitory properties: a literature update,3.36081244006425,,,,,,,False,0.3943149641239398
VCLP,175.0,8967,3.75696195131371,,,,,,,False,0.3943726177833986
VEV,115.2,"Yang, Runqiang, et al. ""Accumulation and identification of angiotensin-converting enzyme inhibitory peptides from wheat germ."" Journal of agricultural and food chemistry 59.8 (2011): 3598-3605.",3.93854752091281,,,,,,,False,0.39450363581450115
LIYP,10.0,"Kohmura M, Nio N, Kubo K, Minoshma Y, Munekata E, Ariyosh E. Inhibition of angiotensin-converting enzyme by synthetic peptides of human_x0003_-casein. Agric Biol Chem 1989;53:2107–14.",5.0,,,,,,,False,0.3945531134437001
TCSP,450.0,"Ngo, Dai-Hung, et al. ""Free radical scavenging and angiotensin-I converting enzyme inhibitory peptides from Pacific cod (Gadus macrocephalus) skin gelatin."" International journal of biological macromolecules 49.5 (2011): 1110-1116.",3.34678748622466,,,,,,,False,0.39459803844433117
IEP,18.0,"Jimsheena, V. K., and Lalitha R. Gowda. ""Arachin derived peptides as selective angiotensin I-converting enzyme (ACE) inhibitors: structure–activity relationship."" Peptides 31.6 (2010): 1165-1176.",4.74472749489669,,,,,,,False,0.3946254491627188
LKY,10.1,"Puchalska, Patrycja, M. Luisa Marina Alegre, and M. Concepcion Garcia Lopez. ""Isolation and characterization of peptides with antihypertensive activity in foodstuffs."" Critical reviews in food science and nutrition 55.4 (2015): 521-551.",4.99567862621736,,,,,,,False,0.39505997742334187
FDK,389.045144994281,"Wu, Jianping, Rotimi E. Aluko, and Alister D. Muir. ""Purification of angiotensin I-converting enzyme-inhibitory peptides from the enzymatic hydrolysate of defatted canola meal."" Food chemistry 111.4 (2008): 942-950.",3.41,,,,,,,False,0.3955759199391685
GVW,270.0,"Vladimir R.Vukic, In silico identification of milk antihypertensive di- and tripeptides involved in angiotensin I–converting enzyme inhibitory activity",3.56863623584101,,,,,,,False,0.3956927110628109
WHHTF,46.0,"Keiichi Yokoyama, Hideo Chiba, Masaaki Yoshikawa. Peptide Inhibitors for Angiotensin I-Converting Enzyme from Thermolysin Digest of Dried Bonito. Bioscience, Biotechnology, and Biochemistry, Volume 56, 1992, Page 1541-1545.",4.33724216831843,,,,,,,False,0.3958321486005858
FCVLRP,12.3,"Hai‐Lun, H. E., et al. ""Analysis of novel angiotensin‐I‐converting enzyme inhibitory peptides from protease‐hydrolyzed marine shrimp Acetes chinensis."" Journal of peptide science: an official publication of the European Peptide Society 12.11 (2006): 726-733.",4.9100948885606,,,,,,,False,0.3959507750303721
RVPSL,20.0,"Liu, JingBo, et al. ""Isolation and identification of angiotensin-converting enzyme inhibitory peptides from egg white protein hydrolysates."" Food chemistry 122.4 (2010): 1159-1163.",4.69897000433602,,,,,,,False,0.3960040141332353
MW,277.0,"Puchalska, Patrycja, M. Luisa Marina Alegre, and M. Concepcion Garcia Lopez. ""Isolation and characterization of peptides with antihypertensive activity in foodstuffs."" Critical reviews in food science and nutrition 55.4 (2015): 521-551.",3.55752023093555,,,,,,,False,0.39621163319262404
GPAV,415.91,11042,3.38100063747924,,,,,,,False,0.3962856985352503
GDLGKTTTVSNWSPPKYKDTP,11.28,"Lee, Sang-Hoon, Zhong-Ji Qian, and Se-Kwon Kim. ""A novel angiotensin I converting enzyme inhibitory peptide from tuna frame protein hydrolysate and its antihypertensive effect in spontaneously hypertensive rats."" Food Chemistry 118.1 (2010): 96-102.",4.94769090035268,,,,,,,False,0.39636578863225164
PTHIDW,13.0,"Kohama, Yasuhiro, et al. ""Potent synthetic analogues of angiotensin-converting enzyme inhibitor derived from tuna muscle."" Agricultural and biological chemistry 55.8 (1991): 2169-2170.",4.88605664769316,,,,,,,False,0.3966249503921498
LAPYK,16.85,9734,4.77340009479264,,,,,,,False,0.39671742087726836
YP,890.0,"Keiichi Yokoyama, Hideo Chiba, Masaaki Yoshikawa. Peptide Inhibitors for Angiotensin I-Converting Enzyme from Thermolysin Digest of Dried Bonito. Bioscience, Biotechnology, and Biochemistry, Volume 56, 1992, Page 1541-1545.",3.05060999335509,,,,,,,False,0.3967728352036335
NPPSV,40.56,"Yang, Runqiang, et al. ""Accumulation and identification of angiotensin-converting enzyme inhibitory peptides from wheat germ."" Journal of agricultural and food chemistry 59.8 (2011): 3598-3605.",4.39190205367472,,,,,,,False,0.39697532261396135
GKP,352.0,"Abubakar, Amhar, et al. ""Structural analysis of new antihypertensive peptides derived from cheese whey protein by proteinase K digestion."" Journal of Dairy Science 81.12 (1998): 3131-3138.",3.45345733652187,,,,,,,False,0.39772336791159774
YLGY,41.86,"del Mar Contreras, María, et al. ""Resistance of casein-derived bioactive peptides to simulated gastrointestinal digestion."" International Dairy Journal 32.2 (2013): 71-78.",4.37820077599733,,,,,,,False,0.3981231601604115
IPY,206.0,"Vladimir R.Vukic, In silico identification of milk antihypertensive di- and tripeptides involved in angiotensin I–converting enzyme inhibitory activity",3.68613277963085,,,,,,,False,0.3981835783704042
RPVQ,300.0,"Matsumura, Nobuyasu, et al. ""Isolation and characterization of angiotensin I-converting enzyme inhibitory peptides derived from bonito bowels."" Bioscience, biotechnology, and biochemistry 57.10 (1993): 1743-1744.",3.52287874528034,,,,,,,False,0.39833689461757993
KYY,79.0,Identification of an antihypertensive peptide from peptic digest of wakame (Undaria pinnatifida) Kunio Suetsuna* and Takahisa Nakano†,4.10237290870956,,,,,,,False,0.39852378390132875
GQVPP,360.0,"Moayedi, Ali, et al. ""Peptidomic analysis of antioxidant and ACE-inhibitory peptides obtained from tomato waste proteins fermented using Bacillus subtilis."" Food chemistry 250 (2018): 180-187.",3.44369749923271,,,,,,,False,0.39878089981289555
FCF,11.0,"Iroyukifujita, H., Eiichiyokoyama, K., & Yoshikawa, M. (2000). Classification and Antihypertensive Activity of Angiotensin I-Converting Enzyme Inhibitory Peptides Derived from Food Proteins. Journal of Food Science, 65(4), 564–569. doi:10.1111/j.1365-2621.2000.tb16049.x",4.95860731484178,,,,,,,False,0.3988229031799906
LVVYPWTQR,70.0,"Lantz, Ingrid, et al. ""Hemorphins derived from hemoglobin have an inhibitory action on angiotensin converting enzyme activity."" FEBS letters 287.1-2 (1991): 39-41.",4.15490195998574,,,,,,,False,0.3988422855158772
FCLYELAR,31.63,10080,4.49990080808428,,,,,,,False,0.39887208855139167
VIY,14.749,"Puchalska, Patrycja, M. Luisa Marina Alegre, and M. Concepcion Garcia Lopez. ""Isolation and characterization of peptides with antihypertensive activity in foodstuffs."" Critical reviews in food science and nutrition 55.4 (2015): 521-551.",4.83123742437764,,,,,,,False,0.3989544424498144
MAW,16.32,"Balti, Rafik, et al. ""Three novel angiotensin I-converting enzyme (ACE) inhibitory peptides from cuttlefish (Sepia officinalis) using digestive proteases."" Food Research International 43.4 (2010): 1136-1143.",4.78727984558216,,,,,,,False,0.39903242260365196
DLTDY,143.0,"Shiozaki, Kazuhiro, et al. ""Identification of oyster-derived hypotensive peptide acting as angiotensin-I-converting enzyme inhibitor."" Fisheries Science 76.5 (2010): 865-872.",3.84466396253494,,,,,,,False,0.39907374907225945
IA,153.0,"Wang, Wenyi, and Elvira Gonzalez De Mejia. ""A new frontier in soy bioactive peptides that may prevent age‐related chronic diseases."" Comprehensive reviews in food science and food safety 4.4 (2005): 63-78.",3.8153085691824,,,,,,,False,0.39909873835619963
DAYPSGAW,98.0,"Pihlanto-Leppa¨la¨ A, Rokka T, Korhonen H. Angiotensin I converting enzyme inhibitory peptides derived from bovine milk proteins. Int Dairy J 1998;8:325–31.",4.00877392430751,,,,,,,False,0.3996950780090584
FRVW,18.34,10122,4.736600668666,,,,,,,False,0.39970626096511
LKVGVKQY,11.0,"Sagardia, Iban, Rubén H. Roa-Ureta, and Carlos Bald. ""A new QSAR model, for angiotensin I-converting enzyme inhibitory oligopeptides."" Food chemistry 136.3-4 (2013): 1370-1376.",4.95860731484178,,,,,,,False,0.3998761717411271
EQGP,139.4,"O'Keeffe, Martina B., et al. ""Peptide identification in a porcine gelatin prolyl endoproteinase hydrolysate with angiotensin converting enzyme (ACE) inhibitory and hypotensive activity."" Journal of functional foods 34 (2017): 77-88.",3.85573722623801,,,,,,,False,0.3999059664240146
LFRQ,17.0,"ACE inhibitory peptides. in: Nutraceutical proteins and peptides in health and disease. Mine Y., Shahidi F. (Eds.), CRC Taylor & Francis Group, Boca Raton, London, New York, 269-315.",4.76955107862173,,,,,,,False,0.4001440896739664
YKVPQL,22.0,"Maeno, Masafumi, Naoyuki Yamamoto, and Toshiaki Takano. ""Identification of an antihypertensive peptide from casein hydrolysate produced by a proteinase from Lactobacillus helveticus CP790."" Journal of Dairy Science 79.8 (1996): 1316-1321.",4.65757731917779,,,,,,,False,0.40026440021079285
VLAQYK,32.2,"Puchalska, Patrycja, M. Luisa Marina Alegre, and M. Concepcion Garcia Lopez. ""Isolation and characterization of peptides with antihypertensive activity in foodstuffs."" Critical reviews in food science and nutrition 55.4 (2015): 521-551.",4.49214412830417,,,,,,,False,0.40033705484414295
LR,158.0,"Liu, Rui, et al. ""Characterization of ACE inhibitory peptides from Mactra veneriformis hydrolysate by nano-liquid chromatography electrospray ionization mass spectrometry (Nano-LC-ESI-MS) and molecular docking."" Marine drugs 12.7 (2014): 3917-3928.",3.80134291304558,,,,,,,False,0.40047529806592475
AFVGYVLP,18.02,"Balti, Rafik, et al. ""Nine novel angiotensin I-converting enzyme (ACE) inhibitory peptides from cuttlefish (Sepia officinalis) muscle protein hydrolysates and antihypertensive effect of the potent active peptide in spontaneously hypertensive rats."" Food chemistry 170 (2015): 519-525.",4.74424521335696,,,,,,,False,0.400567052118709
PGVPWP,19.0,"Mimura, Tsutomu, et al. ""Angiotensin converting enzyme inhibitor."" U.S. Patent No. 5,098,887. 24 Mar. 1992.",4.72124639904717,,,,,,,False,0.4005956636072792
IAY,12.59,9071,4.89997426989214,,,,,,,False,0.4008381052074599
IAF,19.87,10076,4.70180213289019,,,,,,,False,0.4010000389321811
QVSLNSGYY,22.9,"Sagardia, Iban, Rubén H. Roa-Ureta, and Carlos Bald. ""A new QSAR model, for angiotensin I-converting enzyme inhibitory oligopeptides."" Food chemistry 136.3-4 (2013): 1370-1376.",4.64016451766011,,,,,,,False,0.401014734985152
KL,213.0,Identification of an antihypertensive peptide from peptic digest of wakame (Undaria pinnatifida) Kunio Suetsuna* and Takahisa Nakano†,3.67162039656126,,,,,,,False,0.4012027184075894
LMP,15.8,10132,4.80134291304558,,,,,,,False,0.4012907232055454
WVPSVY,25.7,"Sagardia, Iban, Rubén H. Roa-Ureta, and Carlos Bald. ""A new QSAR model, for angiotensin I-converting enzyme inhibitory oligopeptides."" Food chemistry 136.3-4 (2013): 1370-1376.",4.59006687666871,,,,,,,False,0.4013154551237683
YKYY,64.2,Identification of an antihypertensive peptide from peptic digest of wakame (Undaria pinnatifida) Kunio Suetsuna* and Takahisa Nakano†,4.19246497193115,,,,,,,False,0.4015693608278234
AVPYPQP,80.0,"Sagardia, Iban, Rubén H. Roa-Ureta, and Carlos Bald. ""A new QSAR model, for angiotensin I-converting enzyme inhibitory oligopeptides."" Food chemistry 136.3-4 (2013): 1370-1376.",4.09691001300806,,,,,,,False,0.40165909724253823
YA,460.0,"Vladimir R.Vukic, In silico identification of milk antihypertensive di- and tripeptides involved in angiotensin I–converting enzyme inhibitory activity",3.33724216831843,,,,,,,False,0.40166962951639
WESLSRLLG,44.07,"Asoodeh, Ahmad, et al. ""Biochemical characterization of a novel antioxidant and angiotensin I-converting enzyme inhibitory peptide from Struthio camelus egg white protein hydrolysis."" journal of food and drug analysis 24.2 (2016): 332-342.",4.35585694949008,,,,,,,False,0.4016851553919401
HQG,745.0,"Keiichi Yokoyama, Hideo Chiba, Masaaki Yoshikawa. Peptide Inhibitors for Angiotensin I-Converting Enzyme from Thermolysin Digest of Dried Bonito. Bioscience, Biotechnology, and Biochemistry, Volume 56, 1992, Page 1541-1545.",3.12784372725171,,,,,,,False,0.40184983272476865
VAV,260.0,"Vladimir R.Vukic, In silico identification of milk antihypertensive di- and tripeptides involved in angiotensin I–converting enzyme inhibitory activity",3.58502665202918,,,,,,,False,0.4020156297015833
HPFAQTQSLVYP,26.0,"Kohmura, Masanori, Noriki Nio, and Yasuo Ariyoshi. ""Inhibition of angiotensin-converting enzyme by synthetic peptide fragments of various β-caseins."" Agricultural and biological chemistry 54.4 (1990): 1101-1102.",4.58502665202918,,,,,,,False,0.40209874674911206
PTHIKW,11.8,"Sagardia, Iban, Rubén H. Roa-Ureta, and Carlos Bald. ""A new QSAR model, for angiotensin I-converting enzyme inhibitory oligopeptides."" Food chemistry 136.3-4 (2013): 1370-1376.",4.92811799269387,,,,,,,False,0.4021970821282324
YK,610.0,Identification of an antihypertensive peptide from peptic digest of wakame (Undaria pinnatifida) Kunio Suetsuna* and Takahisa Nakano†,3.21467016498923,,,,,,,False,0.4023073746114793
RVR,526.0,"Orio, Lara P., et al. ""New ACE-inhibitory peptides from hemp seed (Cannabis sativa L.) proteins."" Journal of agricultural and food chemistry 65.48 (2017): 10482-10488.",3.27901425584626,,,,,,,False,0.40239412745877595
RFH,330.0,"Matsufuji, H., Matsui, T., Seki, E., Osajima, K., Nakashima, M., & Osajima, Y. (1994). Angiotensin I-converting Enzyme Inhibitory Peptides in an Alkaline Protease Hydrolyzate Derived from Sardine Muscle. Bioscience, Biotechnology, and Biochemistry, 58(12), 2244–2245. doi:10.1271/bbb.58.2244 ",3.48148606012211,,,,,,,False,0.4025418865406219
HPHPHLSF,28.9,"Gómez‐Ruiz, José Ángel, Mercedes Ramos, and Isidra Recio. ""Identification of novel angiotensin‐converting enzyme‐inhibitory peptides from ovine milk proteins by CE‐MS and chromatographic techniques."" Electrophoresis 28.22 (2007): 4202-4211.",4.53910215724345,,,,,,,False,0.40269873145977303
RVCLP,175.0,"Wu, Shanguang, et al. ""Purification and identification of Angiotensin-I Converting Enzyme (ACE) inhibitory peptide from lizard fish (Saurida elongata) hydrolysate."" Journal of functional foods 13 (2015): 295-299.",3.75696195131371,,,,,,,False,0.4029171659267698
VSLPEW,57.0,"Hernandez-Ledesma, Blanca, and Chia-Chien Hsieh. Bioactive food peptides in health and disease. 2013.",4.24412514432751,,,,,,,False,0.403016456168423
PAVVRP,18.0,"Kohmura, Masanori, Noriki Nio, and Yasuo Ariyoshi. ""Inhibition of angiotensin-converting enzyme by synthetic peptide fragments of human κ-casein."" Agricultural and biological chemistry 54.3 (1990): 835-836.",4.74472749489669,,,,,,,False,0.40347897708304475
LWA,12.59,9067,4.89997426989214,,,,,,,False,0.4036747707027507
PKPP,506.0,10479,3.2958494831602,,,,,,,False,0.4037178709732269
EGEPR,728.2,"Lau, Ching Ching, et al. ""Novel angiotensin I-converting enzyme inhibitory peptides derived from edible mushroom Agaricus bisporus (JE Lange) Imbach identified by LC–MS/MS."" Food chemistry 148 (2014): 396-401.",3.13774932540208,,,,,,,False,0.4038574185226792
GRPR,470.0,"Keiichi Yokoyama, Hideo Chiba, Masaaki Yoshikawa. Peptide Inhibitors for Angiotensin I-Converting Enzyme from Thermolysin Digest of Dried Bonito. Bioscience, Biotechnology, and Biochemistry, Volume 56, 1992, Page 1541-1545.",3.32790214206428,,,,,,,False,0.40393449324598046
LNPPHQIYP,25.0,"Kohmura M, Nio N, Kubo K, Minoshma Y, Munekata E, Ariyosh E. Inhibition of angiotensin-converting enzyme by synthetic peptides of human_x0003_-casein. Agric Biol Chem 1989;53:2107–14.",4.60205999132796,,,,,,,False,0.4040447599355794
KVLAGM,30.0,"Ukeda, Hiroyuki, et al. ""Peptides from peptic hydrolyzate of heated sardine meat that inhibit angiotensin I converting enzyme."" Nippon Nogeikagaku Kaishi 66.1 (1992): 25-29.",4.52287874528034,,,,,,,False,0.4040642183436176
TGAPCR,23.94,9557,4.62087585392961,,,,,,,False,0.4041056162338625
FAQTQSLVYP,25.0,"Kohmura, Masanori, Noriki Nio, and Yasuo Ariyoshi. ""Inhibition of angiotensin-converting enzyme by synthetic peptide fragments of various β-caseins."" Agricultural and biological chemistry 54.4 (1990): 1101-1102.",4.60205999132796,,,,,,,False,0.40412927121695963
VMDKPQG,38.9,"Sagardia, Iban, Rubén H. Roa-Ureta, and Carlos Bald. ""A new QSAR model, for angiotensin I-converting enzyme inhibitory oligopeptides."" Food chemistry 136.3-4 (2013): 1370-1376.",4.41005039867429,,,,,,,False,0.4042873533038396
LVYP,170.0,"Kohmura, Masanori, Noriki Nio, and Yasuo Ariyoshi. ""Inhibition of angiotensin-converting enzyme by synthetic peptide fragments of various β-caseins."" Agricultural and biological chemistry 54.4 (1990): 1101-1102.",3.76955107862173,,,,,,,False,0.4047570098846381
SKVPP,74.22,"Astawan, Made, et al. ""Effects of angiotensin I-converting enzyme inhibitory substances derived from Indonesian dried-salted fish on blood pressure of rats."" Bioscience, biotechnology, and biochemistry 59.3 (1995): 425-429.",4.12947904998724,,,,,,,False,0.4049907991107821
NLHLP,420.0,"Kohmura M, Nio N, Kubo K, Minoshma Y, Munekata E, Ariyosh E. Inhibition of angiotensin-converting enzyme by synthetic peptides of human_x0003_-casein. Agric Biol Chem 1989;53:2107–14.",3.3767507096021,,,,,,,False,0.4051101522768632
EKERERQ,552.5,"Katayama, Kazunori, et al. ""Porcine skeletal muscle troponin is a good source of peptides with angiotensin-I converting enzyme inhibitory activity and antihypertensive effects in spontaneously hypertensive rats."" Journal of Agricultural and Food Chemistry 56.2 (2007): 355-360.",3.25766771764285,,,,,,,False,0.4051169030269823
CVTPALR,35.39,"Liu, Li-na, Sheng-hua Zhang, and Dong-ping He. ""Detection of an angiotensin converting enzyme inhibitory peptide from peanut protein isolate and peanut polypeptides by western blot and dot blot hybridization."" European Food Research and Technology 230.1 (2009): 89.",4.45111943736249,,,,,,,False,0.4052637870456816
YGLF,733.3,"Mullally, Margaret M., Hans Meisel, and Richard J. FitzGerald. ""Synthetic peptides corresponding to a-lactalbumin and b-lactoglobulin sequences with angiotensin-1-converting enzyme inhibitory activity."" Biological Chemistry-Hoppe Seyler 377.4 (1996): 259-260.",3.13471831500439,,,,,,,False,0.40538710669468797
VGLPIF,30.9,"Sagardia, Iban, Rubén H. Roa-Ureta, and Carlos Bald. ""A new QSAR model, for angiotensin I-converting enzyme inhibitory oligopeptides."" Food chemistry 136.3-4 (2013): 1370-1376.",4.51004152057517,,,,,,,False,0.4055714000763009
PPHQIYP,22.0,"Kohmura M, Nio N, Kubo K, Minoshma Y, Munekata E, Ariyosh E. Inhibition of angiotensin-converting enzyme by synthetic peptides of human_x0003_-casein. Agric Biol Chem 1989;53:2107–14.",4.65757731917779,,,,,,,False,0.40594922767575925
YE,630.957344480193,"Wu, Jianping, Rotimi E. Aluko, and Alister D. Muir. ""Purification of angiotensin I-converting enzyme-inhibitory peptides from the enzymatic hydrolysate of defatted canola meal."" Food chemistry 111.4 (2008): 942-950.",3.2,,,,,,,False,0.40601211439559004
WP,217.0,10989,3.66354026615147,,,,,,,False,0.40603901171853146
STYQT,300.4,"Ishiguro, Koji, et al. ""Hypotensive effect of a sweetpotato protein digest in spontaneously hypertensive rats and purification of angiotensin I-converting enzyme inhibitory peptides."" Food chemistry 131.3 (2012): 774-779.",3.52230007166787,,,,,,,False,0.4060498120778166
IP,130.0,"Short communication: Bovine κ-casein variants result in different angiotensin I converting enzyme (ACE) inhibitory peptides C. Weimann,*1 H. Meisel,† and G. Erhardt* *Institute of Animal Breeding and Genetics, Ludwigstr. 21B, D-35390 Giessen, Germany †Max Rubner-Institute (MRI), Federal Research Institute of Nutrition and Food, Department of Safety and Quality of Milk and Fish Products, PO Box 6069, D-24121 Kiel, Germany",3.88605664769316,,,,,,,False,0.40606956468601646
IFY,13.93,"Lafarga, Tomas, Paula O’Connor, and Maria Hayes. ""Identification of novel dipeptidyl peptidase-IV and angiotensin-I-converting enzyme inhibitory peptides from meat proteins using in silico analysis."" Peptides 59 (2014): 53-62.",4.85604888357604,,,,,,,False,0.40618875406551574
YKW,13.3,"Terashima, Masaaki, et al. ""Inhibition strength of short peptides derived from an ACE inhibitory peptide."" Journal of agricultural and food chemistry 59.20 (2011): 11234-11237.",4.87614835903291,,,,,,,False,0.4062821040994537
SPPPFYL,63.1,"Sagardia, Iban, Rubén H. Roa-Ureta, and Carlos Bald. ""A new QSAR model, for angiotensin I-converting enzyme inhibitory oligopeptides."" Food chemistry 136.3-4 (2013): 1370-1376.",4.19997064075587,,,,,,,False,0.4063719788083154
AQL,57.5439937337157,"Wu, Jianping, Rotimi E. Aluko, and Alister D. Muir. ""Purification of angiotensin I-converting enzyme-inhibitory peptides from the enzymatic hydrolysate of defatted canola meal."" Food chemistry 111.4 (2008): 942-950.",4.24,,,,,,,False,0.4063752288698961
NWGPLV,21.0,"Kodera, Tomohiro, and Noriki Nio. ""Identification of an angiotensin I‐converting enzyme inhibitory peptides from protein hydrolysates by a soybean protease and the antihypertensive effects of hydrolysates in 4 spontaneously hypertensive model rats."" Journal of food science 71.3 (2006): C164-C173.",4.67778070526608,,,,,,,False,0.4064358328461754
VKF,89.0,"Liu, Rui, et al. ""Characterization of ACE inhibitory peptides from Mactra veneriformis hydrolysate by nano-liquid chromatography electrospray ionization mass spectrometry (Nano-LC-ESI-MS) and molecular docking."" Marine drugs 12.7 (2014): 3917-3928.",4.05060999335509,,,,,,,False,0.4066178363487143
SLVLPVPE,39.0,"Sagardia, Iban, Rubén H. Roa-Ureta, and Carlos Bald. ""A new QSAR model, for angiotensin I-converting enzyme inhibitory oligopeptides."" Food chemistry 136.3-4 (2013): 1370-1376.",4.4089353929735,,,,,,,False,0.40682704921158286
TLS,102.1,"Wu G., Du J., Jia J., Kuang C.Production of ACE inhibitory peptides from sweet sorghum grain protein using alcalase: Hydrolysis kinetic, purification and molecular docking study. Food Chem., 199, 140-149, 2016",3.99097425791309,,,,,,,False,0.40684473463400816
IVGFPAYGH,150.88,11107,3.82136832460675,,,,,,,False,0.4068761231351255
IVGFPAYGH,150.88,10439,3.82136832460675,,,,,,,False,0.4068761231351255
VAPFP,77.0,10646,4.11350927482752,,,,,,,False,0.40699963624539476
PANLPWGSSNV,18.0,"KOHAMA, Yasuhiro, et al. ""Production of angiotensin-converting enzyme inhibitors from baker's yeast glyceraldehyde-3-phosphate dehydrogenase."" Journal of pharmacobio-dynamics 13.12 (1990): 766-771.",4.74472749489669,,,,,,,False,0.4073695038330204
ASP,242.3,"Short communication: Bovine κ-casein variants result in different angiotensin I converting enzyme (ACE) inhibitory peptides C. Weimann,*1 H. Meisel,† and G. Erhardt* *Institute of Animal Breeding and Genetics, Ludwigstr. 21B, D-35390 Giessen, Germany †Max Rubner-Institute (MRI), Federal Research Institute of Nutrition and Food, Department of Safety and Quality of Milk and Fish Products, PO Box 6069, D-24121 Kiel, Germany",3.61564658586249,,,,,,,False,0.4074624445992218
TTN,672.0,"Nakashima Y, Arihara K, Mio H, Itoh M. Antihypertensive activities of peptides derived from porcine skeletal muscle myosin in spontaneously hypertensive rats. J Food Sci 2002;67:434–7.",3.17263072694617,,,,,,,False,0.4074625310330834
QLVP,127.9,9551,3.89312945552135,,,,,,,False,0.4074799698233212
LLHSPP,222.0,"Liu, Rui, et al. ""Characterization of ACE inhibitory peptides from Mactra veneriformis hydrolysate by nano-liquid chromatography electrospray ionization mass spectrometry (Nano-LC-ESI-MS) and molecular docking."" Marine drugs 12.7 (2014): 3917-3928.",3.65364702554936,,,,,,,False,0.4075137913535589
YYRA,59.34,"Puchalska, Patrycja, M. Luisa Marina Alegre, and M. Concepcion Garcia Lopez. ""Isolation and characterization of peptides with antihypertensive activity in foodstuffs."" Critical reviews in food science and nutrition 55.4 (2015): 521-551.",4.22665245801918,,,,,,,False,0.4076320093858019
NMAINPSK,60.0,Angiotensin‐I‐converting enzyme inhibitory peptides from tryptic hydrolysate of bovine αS2‐caseinJérôme TauzinLaurent MicloJean-Luc Gaillard,4.22184874961636,,,,,,,False,0.4076454399855629
KVLPG,265.44,"Escudero, Elizabeth, Leticia Mora, and Fidel Toldrá. ""Stability of ACE inhibitory ham peptides against heat treatment and in vitro digestion."" Food chemistry 161 (2014): 305-311.",3.57603363131971,,,,,,,False,0.4079707677744707
KVLILA,20.85,"Wang, Zhan-Li, et al. ""A novel angiotensin I converting enzyme inhibitory peptide from the milk casein: virtual screening and docking studies."" Agricultural sciences in China 10.3 (2011): 463-467.",4.68089394069022,,,,,,,False,0.4083042086664235
RIGLF,115.9,"Lau, Ching Ching, et al. ""Novel angiotensin I-converting enzyme inhibitory peptides derived from edible mushroom Agaricus bisporus (JE Lange) Imbach identified by LC–MS/MS."" Food chemistry 148 (2014): 396-401.",3.9359165640364,,,,,,,False,0.40832759958679354
RMLGQ,354.8,"Sagardia, Iban, Rubén H. Roa-Ureta, and Carlos Bald. ""A new QSAR model, for angiotensin I-converting enzyme inhibitory oligopeptides."" Food chemistry 136.3-4 (2013): 1370-1376.",3.45001638884031,,,,,,,False,0.4083345468202471
KRQKYDI,26.2,"Katayama, Kazunori, et al. ""Porcine skeletal muscle troponin is a good source of peptides with angiotensin-I converting enzyme inhibitory activity and antihypertensive effects in spontaneously hypertensive rats."" Journal of Agricultural and Food Chemistry 56.2 (2007): 355-360.",4.58169870868025,,,,,,,False,0.40842432260959344
GF,630.0,"Cheung, Hong-Son, et al. ""Binding of peptide substrates and inhibitors of angiotensin-converting enzyme. Importance of the COOH-terminal dipeptide sequence."" Journal of Biological Chemistry 255.2 (1980): 401-407.",3.20065945054642,,,,,,,False,0.4084824596824997
YQ,629.0,"Puchalska, Patrycja, M. Luisa Marina Alegre, and M. Concepcion Garcia Lopez. ""Isolation and characterization of peptides with antihypertensive activity in foodstuffs."" Critical reviews in food science and nutrition 55.4 (2015): 521-551.",3.20134935455473,,,,,,,False,0.4085296173445815
WVYY,27.0,9940,4.56863623584101,,,,,,,False,0.4086498067689481
VIKP,175.0,"Vecchi, B., and M. C. Añón. ""ACE inhibitory tetrapeptides from Amaranthus hypochondriacus 11S globulin."" Phytochemistry 70.7 (2009): 864-870.",3.75696195131371,,,,,,,False,0.40908453965512787
GEGSGA,113.7,"Luna-Vital, Diego A., et al. ""Peptides present in the non-digestible fraction of common beans (Phaseolus vulgaris L.) inhibit the angiotensin-I converting enzyme by interacting with its catalytic cavity independent of their antioxidant capacity."" Food & function 6.5 (2015): 1470-1479.",3.94423953531227,,,,,,,False,0.4091054251836838
EVSQGRP,50.0,"Forghani, Bita, et al. ""Purification and characterization of angiotensin converting enzyme-inhibitory peptides derived from Stichopus horrens: Stability study against the ACE and inhibition kinetics."" Journal of functional foods 20 (2016): 276-290.",4.30102999566398,,,,,,,False,0.4091274694148427
IPN,141.0,"Maeno, Masafumi, Naoyuki Yamamoto, and Toshiaki Takano. ""Identification of an antihypertensive peptide from casein hydrolysate produced by a proteinase from Lactobacillus helveticus CP790."" Journal of Dairy Science 79.8 (1996): 1316-1321.",3.85078088734462,,,,,,,False,0.40925370819446066
YGGVSLPEW,16.0,"Hernandez-Ledesma, Blanca, and Chia-Chien Hsieh. Bioactive food peptides in health and disease. 2013.",4.79588001734408,,,,,,,False,0.40929870830613424
RPSYT,393.0,8527,3.40560744962457,,,,,,,False,0.40975940742383793
GFPGTPGLPGF,436.0,"Saiga, Ai, et al. ""Angiotensin I-converting enzyme inhibitory peptides in a hydrolyzed chicken breast muscle extract."" Journal of Agricultural and Food Chemistry 51.6 (2003): 1741-1745.",3.36051351073141,,,,,,,False,0.40994630851701824
TGP,79.1,"O'Keeffe, Martina B., et al. ""Peptide identification in a porcine gelatin prolyl endoproteinase hydrolysate with angiotensin converting enzyme (ACE) inhibitory and hypotensive activity."" Journal of functional foods 34 (2017): 77-88.",4.10182351650232,,,,,,,False,0.4099672067357161
QGPIGPR,81.09,10789,4.09103269958161,,,,,,,False,0.4100596798683642
SFYPDY,104.7,10571,3.98005331832116,,,,,,,False,0.41009544029337636
LGY,21.46,9284,4.66837028237007,,,,,,,False,0.4101135721414735
QSGP,168.6,"O'Keeffe, Martina B., et al. ""Peptide identification in a porcine gelatin prolyl endoproteinase hydrolysate with angiotensin converting enzyme (ACE) inhibitory and hypotensive activity."" Journal of functional foods 34 (2017): 77-88.",3.77314242971128,,,,,,,False,0.4101225805855076
YTVF,427.821577957421,"Ren, Yan, et al. ""Isolation and characterization of angiotensin I-converting enzyme inhibitor peptides derived from porcine hemoglobin."" Scientific Research and Essays 6.30 (2011): 6262-6269.",3.368737314782,,,,,,,False,0.4102638479272409
NIFYCP,15.0,"Iroyukifujita, H., Eiichiyokoyama, K., & Yoshikawa, M. (2000). Classification and Antihypertensive Activity of Angiotensin I-Converting Enzyme Inhibitory Peptides Derived from Food Proteins. Journal of Food Science, 65(4), 564–569. doi:10.1111/j.1365-2621.2000.tb16049.x",4.82390874094432,,,,,,,False,0.4102837713303656
TVY,15.0,Angiotensin‐I‐converting enzyme inhibitory peptides from tryptic hydrolysate of bovine αS2‐caseinJérôme TauzinLaurent MicloJean-Luc Gaillard,4.82390874094432,,,,,,,False,0.410347031221574
FWN,18.3,"Saito Y, Wanezaki K, Kawato A, Imayasu S. Structure and activity of angiotensin I converting enzyme inhibitory peptides from sake and sake lees. Biosci Biotech Biochem 1994;58:1767–71.",4.73754891026957,,,,,,,False,0.41035296034470436
VLPIP,31.0,"Kohmura M, Nio N, Kubo K, Minoshma Y, Munekata E, Ariyosh E. Inhibition of angiotensin-converting enzyme by synthetic peptides of human_x0003_-casein. Agric Biol Chem 1989;53:2107–14.",4.50863830616573,,,,,,,False,0.41040706157233786
MEGAQEAQGD,15.0,"Zhao, Y., Li, B., Dong, S., Liu, Z., Zhao, X., Wang, J., & Zeng, M. (2009). A novel ACE inhibitory peptide isolated from Acaudina molpadioidea hydrolysate. Peptides, 30(6), 1028-1033.",4.82390874094432,,,,,,,False,0.41055820034716195
VECYGPNRPQF,29.6,"Sheih, I-Chuan, Tony J. Fang, and Tung-Kung Wu. ""Isolation and characterisation of a novel angiotensin I-converting enzyme (ACE) inhibitory peptide from the algae protein waste."" Food Chemistry 115.1 (2009): 279-284.",4.52870828894106,,,,,,,False,0.4106103267588323
GPA,405.0,"Oshima, Genichiro, Hirokazu Shimabukuro, and Kinzo Nagasawa. ""Peptide inhibitors of angiotensin I-converting enzyme in digests of gelatin by bacterial collagenase."" Biochimica et Biophysica Acta (BBA)-Enzymology 566.1 (1979): 128-137.",3.39254497678533,,,,,,,False,0.41064217228079725
GPCSR,61.67,"Huang, Guan-Jhong, et al. ""Sweet potato storage root defensin and its tryptic hydrolysates exhibited angiotensin converting enzyme inhibitory activity in vitro."" Bot Stud 52.3 (2011): 257-264.",4.2099260515737,,,,,,,False,0.4106527564717772
VMP,29.0,"Kohmura M, Nio N, Kubo K, Minoshma Y, Munekata E, Ariyosh E. Inhibition of angiotensin-converting enzyme by synthetic peptides of human_x0003_-casein. Agric Biol Chem 1989;53:2107–14.",4.53760200210104,,,,,,,False,0.4107080340545795
LVQGS,43.7,"Puchalska, Patrycja, M. Luisa Marina Alegre, and M. Concepcion Garcia Lopez. ""Isolation and characterization of peptides with antihypertensive activity in foodstuffs."" Critical reviews in food science and nutrition 55.4 (2015): 521-551.",4.35951856302958,,,,,,,False,0.4107879740552
QPQAFP,610.0,"Kohmura, Masanori, Noriki Nio, and Yasuo Ariyoshi. ""Inhibition of angiotensin-converting enzyme by synthetic peptide fragments of various β-caseins."" Agricultural and biological chemistry 54.4 (1990): 1101-1102.",3.21467016498923,,,,,,,False,0.41088385771338826
PAVVLP,45.0,"Kohmura M, Nio N, Kubo K, Minoshma Y, Munekata E, Ariyosh E. Inhibition of angiotensin-converting enzyme by synthetic peptides of human_x0003_-casein. Agric Biol Chem 1989;53:2107–14.",4.34678748622466,,,,,,,False,0.41091090511406736
VAY,16.0,"Structures and Activity of Angiotensin-convertingEnzyme Inhibitors in anα-Zein HydrolysateShinsuke Miyoshi, Hiromi Ishikawa, Toshiyuki Kaneko, Fumio Fukui, HideokiTanaka & Susumu Maruyama ",4.79588001734408,,,,,,,False,0.41098435119993315
EPKAIP,380.0,"Kohmura, Masanori, Noriki Nio, and Yasuo Ariyoshi. ""Inhibition of angiotensin-converting enzyme by synthetic peptide fragments of various β-caseins."" Agricultural and biological chemistry 54.4 (1990): 1101-1102.",3.42021640338319,,,,,,,False,0.4110124472333405
YL,122.1,"Mullally, M.M., Meisel, H. and FitzGerald, R.J. (1996) ""Synthetic Peptides Correspongding to α-lactalbumin and β-lactoglobulin Squences with Angiotensin-I-converting Enzyme Inhibitory Activity"" in Biological Chemistry Hoppe-Seyler 377, 259-260.",3.91328433605512,,,,,,,False,0.41102006390674517
PL,337.3,"Byun, Hee-Guk, and Se-Kwon Kim. ""Structure and activity of angiotensin I converting enzyme inhibitory peptides derived from Alaskan pollack skin."" BMB Reports 35.2 (2002): 239-243.",3.4719836588108,,,,,,,False,0.4111605315657253
NSWVE,243.18,"Pokora, M., Zambrowicz, A., Dąbrowska, A., Eckert, E., Setner, B., Szołtysik, M., … Chrzanowska, J. (2014). An attractive way of egg white protein by-product use for producing of novel anti-hypertensive peptides. Food Chemistry, 151, 500–505. doi:10.1016/j.foodchem.2013.11.111",3.61407214587466,,,,,,,False,0.41126946949816673
SF,130.2,"Short communication: Bovine κ-casein variants result in different angiotensin I converting enzyme (ACE) inhibitory peptides C. Weimann,*1 H. Meisel,† and G. Erhardt* *Institute of Animal Breeding and Genetics, Ludwigstr. 21B, D-35390 Giessen, Germany †Max Rubner-Institute (MRI), Federal Research Institute of Nutrition and Food, Department of Safety and Quality of Milk and Fish Products, PO Box 6069, D-24121 Kiel, Germany",3.88538901576783,,,,,,,False,0.4112839131108401
QP,598.0,"El-Salam, MH Abd, and S. El-Shibiny. ""Bioactive peptides of buffalo, camel, goat, sheep, mare, and yak milks and milk products."" Food Reviews International 29.1 (2013): 1-23.",3.22329881601159,,,,,,,False,0.4113540653596122
YLL,518.54,10113,3.28521773665347,,,,,,,False,0.4114806120659232
ASL,102.15,"Wu, Qiongying, et al. ""A novel angiotensin-І converting enzyme (ACE) inhibitory peptide from gastrointestinal protease hydrolysate of silkworm pupa (Bombyx mori) protein: biochemical characterization and molecular docking study."" Peptides 68 (2015): 17-24.",3.99076162903153,,,,,,,False,0.4117253388757929
FAL,26.3,"Suetsuna K, Chen JR. Identification of antihypertensive peptides from peptic digest of two microalgae, Chlorella vulgaris and Spirulina platensis. Marine Biotechnol (NY) 2001;3:305–9.",4.58004425151024,,,,,,,False,0.41174709090849826
EGPKLVAS,17.5,"Sagardia, Iban, et al. ""Quantitative structure–activity relationship based screening of bioactive peptides identified in ripened cheese."" International Dairy Journal 33.2 (2013): 184-190.",4.75696195131371,,,,,,,False,0.41177269901156305
AFL,63.8,"Suetsuna K, Chen JR. Identification of antihypertensive peptides from peptic digest of two microalgae, Chlorella vulgaris and Spirulina platensis. Marine Biotechnol (NY) 2001;3:305–9.",4.19517932127884,,,,,,,False,0.41184414480026094
IKLPP,193.9,"Escudero, Elizabeth, Leticia Mora, and Fidel Toldrá. ""Stability of ACE inhibitory ham peptides against heat treatment and in vitro digestion."" Food chemistry 161 (2014): 305-311.",3.71242219092129,,,,,,,False,0.41201493754829793
GPIGPA,123.4,"Oshima, Genichiro, Hirokazu Shimabukuro, and Kinzo Nagasawa. ""Peptide inhibitors of angiotensin I-converting enzyme in digests of gelatin by bacterial collagenase."" Biochimica et Biophysica Acta (BBA)-Enzymology 566.1 (1979): 128-137.",3.90868484030278,,,,,,,False,0.4121433566364506
LLSQTPRY,105.2,10531,3.97798426018228,,,,,,,False,0.4122064376682158
YS,412.0,"Norris, Roseanne, et al. ""Predictive modelling of angiotensin converting enzyme inhibitory dipeptides."" Food Chemistry 133.4 (2012): 1349-1354.",3.38510278396687,,,,,,,False,0.4123077092434084
KVAGPK,304.9,"Lau, Ching Ching, et al. ""Novel angiotensin I-converting enzyme inhibitory peptides derived from edible mushroom Agaricus bisporus (JE Lange) Imbach identified by LC–MS/MS."" Food chemistry 148 (2014): 396-401.",3.51584257563462,,,,,,,False,0.4126557373190926
MEGAQEAQGD,15.9,"Puchalska, Patrycja, M. Luisa Marina Alegre, and M. Concepcion Garcia Lopez. ""Isolation and characterization of peptides with antihypertensive activity in foodstuffs."" Critical reviews in food science and nutrition 55.4 (2015): 521-551.",4.79860287567955,,,,,,,False,0.4127183360675236
NNVMLQW,41.0,"Kim YK, Chung BH. A novel angiotensin-I–converting enzyme inhibitory peptide from human a'er'fas1-casein. Biotechnol Lett 1999;21:575–8.",4.38721614328026,,,,,,,False,0.41278566358938135
KEDDEEEEQGEEE,40.18,"Jakubczyk, Anna, et al. ""The impact of fermentation and in vitro digestion on formation angiotensin converting enzyme (ACE) inhibitory peptides from pea proteins."" Food chemistry 141.4 (2013): 3774-3780.",4.39599006758777,,,,,,,False,0.41308686264018246
ITTNP,549.0,"Nakashima Y, Arihara K, Mio H, Itoh M. Antihypertensive activities of peptides derived from porcine skeletal muscle myosin in spontaneously hypertensive rats. J Food Sci 2002;67:434–7.",3.26042765554991,,,,,,,False,0.41321252500517164
HLL,57.5439937337157,"Wu, Jianping, Rotimi E. Aluko, and Alister D. Muir. ""Purification of angiotensin I-converting enzyme-inhibitory peptides from the enzymatic hydrolysate of defatted canola meal."" Food chemistry 111.4 (2008): 942-950.",4.24,,,,,,,False,0.4133179515140354
GPSMR,277.5,"Lau, Ching Ching, Noorlidah Abdullah, and Adawiyah Suriza Shuib. ""Novel angiotensin I-converting enzyme inhibitory peptides derived from an edible mushroom, Pleurotus cystidiosus OK Miller identified by LC-MS/MS."" BMC complementary and alternative medicine 13.1 (2013): 313.",3.55673701254131,,,,,,,False,0.4133852194959287
PSKIKWGD,60.0,"Kohama, Yasuhiro, et al. ""Potent synthetic analogues of angiotensin-converting enzyme inhibitor derived from tuna muscle."" Agricultural and biological chemistry 55.8 (1991): 2169-2170.",4.22184874961636,,,,,,,False,0.41344488300278853
WYQQVPGSGL,39.8,10574,4.40011692792631,,,,,,,False,0.4134888737647354
NENLLRFFVAPFPEVFG,55.0,"Robert, Marie-Claude, et al. ""Identification of angiotensin-I-converting enzyme inhibitory peptides derived from sodium caseinate hydrolysates produced by Lactobacillus helveticus NCC 2765."" Journal of Agricultural and Food Chemistry 52.23 (2004): 6923-6931.",4.25963731050576,,,,,,,False,0.41352060866728857
VRYL,24.1,"Ruiz, José Ángel Gómez, Mercedes Ramos, and Isidra Recio. ""Angiotensin converting enzyme-inhibitory activity of peptides isolated from Manchego cheese. Stability under simulated gastrointestinal digestion."" International dairy journal 14.12 (2004): 1075-1080.",4.61798295742513,,,,,,,False,0.4136911339507806
KF,28.0,Identification of an antihypertensive peptide from peptic digest of wakame (Undaria pinnatifida) Kunio Suetsuna* and Takahisa Nakano†,4.55284196865778,,,,,,,False,0.413812293393003
RMLGQTPWK,34.0,7516,4.46852108295775,,,,,,,False,0.4138972022578245
GKDAVIV,18.3,9837,4.73754891026957,,,,,,,False,0.4139905904734209
NCW,35.5,"Yu, Zhipeng, et al. ""Identification and the molecular mechanism of a novel myosin-derived ACE inhibitory peptide."" Food & function 9.1 (2018): 364-370.",4.44977164694491,,,,,,,False,0.41405662343326205
GPVGPP,123.4,"Oshima, Genichiro, Hirokazu Shimabukuro, and Kinzo Nagasawa. ""Peptide inhibitors of angiotensin I-converting enzyme in digests of gelatin by bacterial collagenase."" Biochimica et Biophysica Acta (BBA)-Enzymology 566.1 (1979): 128-137.",3.90868484030278,,,,,,,False,0.4140670638344657
WV,500.0,"D. Lunow, S. Kaiser, S. Brückner, A. Gotsch and T. Henle,
 Eur. Food Res. Technol., 2013, 237, 27–37.",3.30102999566398,,,,,,,False,0.4140922299680204
GAGP,98.8,"O'Keeffe, Martina B., et al. ""Peptide identification in a porcine gelatin prolyl endoproteinase hydrolysate with angiotensin converting enzyme (ACE) inhibitory and hypotensive activity."" Journal of functional foods 34 (2017): 77-88.",4.00524305541237,,,,,,,False,0.41427905842470375
SWV,92.775,"Pokora, M., Zambrowicz, A., Dąbrowska, A., Eckert, E., Setner, B., Szołtysik, M., … Chrzanowska, J. (2014). An attractive way of egg white protein by-product use for producing of novel anti-hypertensive peptides. Food Chemistry, 151, 500–505. doi:10.1016/j.foodchem.2013.11.111",4.03256903697918,,,,,,,False,0.41436476085577795
GHS,500.0,"He, Rong, et al. ""Glycinyl-histidinyl-serine (GHS), a novel rapeseed protein-derived peptide has blood pressure-lowering effect in spontaneously hypertensive rats."" Journal of agricultural and food chemistry 61.35 (2013): 8396-8402.",3.30102999566398,,,,,,,False,0.41446376795720874
IYK,177.0,Identification of an antihypertensive peptide from peptic digest of wakame (Undaria pinnatifida) Kunio Suetsuna* and Takahisa Nakano†,3.75202673363819,,,,,,,False,0.4145752057574808
YVVFK,44.0,"Kodera, Tomohiro, and Noriki Nio. ""Identification of an angiotensin I‐converting enzyme inhibitory peptides from protein hydrolysates by a soybean protease and the antihypertensive effects of hydrolysates in 4 spontaneously hypertensive model rats."" Journal of food science 71.3 (2006): C164-C173.",4.35654732351381,,,,,,,False,0.41474481571779437
MPFLFK,83.0,"Liu, Rui, et al. ""Characterization of ACE inhibitory peptides from Mactra veneriformis hydrolysate by nano-liquid chromatography electrospray ionization mass spectrometry (Nano-LC-ESI-MS) and molecular docking."" Marine drugs 12.7 (2014): 3917-3928.",4.08092190762393,,,,,,,False,0.41477755857567156
AKLEK,500.0,"Matsumura, Nobuyasu, et al. ""Isolation and characterization of angiotensin I-converting enzyme inhibitory peptides derived from bonito bowels."" Bioscience, biotechnology, and biochemistry 57.10 (1993): 1743-1744.",3.30102999566398,,,,,,,False,0.41493747984048907
RF,93.0,"Saito Y, Wanezaki K, Kawato A, Imayasu S. Structure and activity of angiotensin I converting enzyme inhibitory peptides from sake and sake lees. Biosci Biotech Biochem 1994;58:1767–71.",4.03151705144607,,,,,,,False,0.414941409247377
MGP,51.1,"O'Keeffe, Martina B., et al. ""Peptide identification in a porcine gelatin prolyl endoproteinase hydrolysate with angiotensin converting enzyme (ACE) inhibitory and hypotensive activity."" Journal of functional foods 34 (2017): 77-88.",4.29157909986529,,,,,,,False,0.4149759546194507
KR,380.0,"Vladimir R.Vukic, In silico identification of milk antihypertensive di- and tripeptides involved in angiotensin I–converting enzyme inhibitory activity",3.42021640338319,,,,,,,False,0.4149888236328828
RYDF,235.0,9265,3.62893213772826,,,,,,,False,0.4150704351886168
DKVGINY,99.9,"Tavares, Tânia, et al. ""Novel whey-derived peptides with inhibitory effect against angiotensin-converting enzyme: in vitro effect and stability to gastrointestinal enzymes."" Peptides 32.5 (2011): 1013-1019.",4.00043451177402,,,,,,,False,0.4151607618004496
GQLGEHGGAGMG,525.11,9801,3.27974971109122,,,,,,,False,0.41522179867005155
AGS,527.9,"Balti, Rafik, et al. ""Analysis of novel angiotensin I-converting enzyme inhibitory peptides from enzymatic hydrolysates of cuttlefish (Sepia officinalis) muscle proteins."" Journal of agricultural and food chemistry 58.6 (2010): 3840-3846.",3.27744833799904,,,,,,,False,0.41529399262356687
YPFPGPIP,500.0,"Sagardia, Iban, Rubén H. Roa-Ureta, and Carlos Bald. ""A new QSAR model, for angiotensin I-converting enzyme inhibitory oligopeptides."" Food chemistry 136.3-4 (2013): 1370-1376.",3.30102999566398,,,,,,,False,0.41554398894257477
LPQNILP,46.0,"Kohmura M, Nio N, Kubo K, Minoshma Y, Munekata E, Ariyosh E. Inhibition of angiotensin-converting enzyme by synthetic peptides of human_x0003_-casein. Agric Biol Chem 1989;53:2107–14.",4.33724216831843,,,,,,,False,0.41566551725154677
TF,18.0,"Structures and Activity of Angiotensin-convertingEnzyme Inhibitors in anα-Zein HydrolysateShinsuke Miyoshi, Hiromi Ishikawa, Toshiyuki Kaneko, Fumio Fukui, HideokiTanaka & Susumu Maruyama ",4.74472749489669,,,,,,,False,0.4157321262507343
LRFF,116.9,"Li, Yun, et al. ""Purification and identification of novel peptides with inhibitory effect against angiotensin I-converting enzyme and optimization of process conditions in milk fermented with the yeast Kluyveromyces marxianus."" Journal of functional foods 16 (2015): 278-288.",3.93218548883816,,,,,,,False,0.4157378965953349
RA,460.0,7588,3.33724216831843,,,,,,,False,0.41578827603706353
RADHP,257.45,"Miguel, M., et al. ""Effect of simulated gastrointestinal digestion on the antihypertensive properties of ACE-inhibitory peptides derived from ovalbumin."" Journal of Agricultural and Food Chemistry 54.3 (2006): 726-731.",3.58930710383675,,,,,,,False,0.41589638075041313
GEHGGAGMGGGQFQPV,490.55,9782,3.30931671995089,,,,,,,False,0.4162689348243185
AKYCY,19.95,"Sagardia, Iban, Rubén H. Roa-Ureta, and Carlos Bald. ""A new QSAR model, for angiotensin I-converting enzyme inhibitory oligopeptides."" Food chemistry 136.3-4 (2013): 1370-1376.",4.70005709997723,,,,,,,False,0.4163638306911907
IKPLDY,42.6,"Sagardia, Iban, Rubén H. Roa-Ureta, and Carlos Bald. ""A new QSAR model, for angiotensin I-converting enzyme inhibitory oligopeptides."" Food chemistry 136.3-4 (2013): 1370-1376.",4.37059040089728,,,,,,,False,0.41650791572542706
DF,360.0,"Ichimura, Toshiaki, et al. ""Angiotensin I-converting enzyme inhibitory activity and insulin secretion stimulative activity of fermented fish sauce."" Journal of bioscience and bioengineering 96.5 (2003): 496-499.",3.44369749923271,,,,,,,False,0.41653972052241556
AVV,66.6,"Balti, Rafik, et al. ""Analysis of novel angiotensin I-converting enzyme inhibitory peptides from enzymatic hydrolysates of cuttlefish (Sepia officinalis) muscle proteins."" Journal of agricultural and food chemistry 58.6 (2010): 3840-3846.",4.1765257708297,,,,,,,False,0.41672585255584177
RR,267.1,"Sentandreu, Miguel Angel, and Fidel Toldrá. ""Evaluation of ACE inhibitory activity of dipeptides generated by the action of porcine muscle dipeptidyl peptidases."" Food Chemistry 102.2 (2007): 511-515.",3.57332611197863,,,,,,,False,0.41676396146568195
KAIP,330.0,"Kohmura, Masanori, Noriki Nio, and Yasuo Ariyoshi. ""Inhibition of angiotensin-converting enzyme by synthetic peptide fragments of various β-caseins."" Agricultural and biological chemistry 54.4 (1990): 1101-1102.",3.48148606012211,,,,,,,False,0.4168614026643909
ALAFQ,165.96,"Sagardia, Iban, Rubén H. Roa-Ureta, and Carlos Bald. ""A new QSAR model, for angiotensin I-converting enzyme inhibitory oligopeptides."" Food chemistry 136.3-4 (2013): 1370-1376.",3.77999657384306,,,,,,,False,0.41686209896574483
MPACGS,191.5,9105,3.71783122169536,,,,,,,False,0.41712831630659675
YPFPGPI,500.0,7665,3.30102999566398,,,,,,,False,0.4171317672897427
GPIGPP,123.4,"Oshima, Genichiro, Hirokazu Shimabukuro, and Kinzo Nagasawa. ""Peptide inhibitors of angiotensin I-converting enzyme in digests of gelatin by bacterial collagenase."" Biochimica et Biophysica Acta (BBA)-Enzymology 566.1 (1979): 128-137.",3.90868484030278,,,,,,,False,0.4172599704587778
GLTSK,65.4,"Luna-Vital, Diego A., et al. ""Peptides present in the non-digestible fraction of common beans (Phaseolus vulgaris L.) inhibit the angiotensin-I converting enzyme by interacting with its catalytic cavity independent of their antioxidant capacity."" Food & function 6.5 (2015): 1470-1479.",4.18442225167573,,,,,,,False,0.41734984251376794
YQQPVL,280.0,"Pihlanto-Leppa¨la¨ A, Rokka T, Korhonen H. Angiotensin I converting enzyme inhibitory peptides derived from bovine milk proteins. Int Dairy J 1998;8:325–31.",3.55284196865778,,,,,,,False,0.41758641145461217
ARPAK,19.0,"Saldeen, Tom, James W. Ryan, and Pierre Berryer. ""A peptide derived from fibrin (ogen) inhibits angiotensin converting enzyme and potentiates the effects of bradykinin."" Thrombosis research 23.4 (1981): 465-470.",4.72124639904717,,,,,,,False,0.41766157418753924
PADIKWGD,21.0,"Kohama, Yasuhiro, et al. ""Induction of angiotensin-converting enzyme inhibitory activity by acid-limited proteolysis of glyceraldehyde 3-phosphate dehydrogenase."" Biochemical and biophysical research communications 161.2 (1989): 456-460.",4.67778070526608,,,,,,,False,0.417728267579045
PVGLVQPASATLYDY,19.0,"Sagardia, Iban, et al. ""Quantitative structure–activity relationship based screening of bioactive peptides identified in ripened cheese."" International Dairy Journal 33.2 (2013): 184-190.",4.72124639904717,,,,,,,False,0.4179967029196691
HPFAQ,465.0,"Quirós, A., et al. ""Angiotensin-converting enzyme inhibitory activity of peptides derived from caprine kefir."" Journal of dairy science 88.10 (2005): 3480-3487.",3.33254704711005,,,,,,,False,0.41808049455396645
LHLYLP,18.9,"Quirós, Ana, et al. ""Stability to gastrointestinal enzymes and structure–activity relationship of β-casein-peptides with antihypertensive properties."" Peptides 30.10 (2009): 1848-1853.",4.72353819582676,,,,,,,False,0.41808351834278834
LQQ,100.0,"Structures and Activity of Angiotensin-convertingEnzyme Inhibitors in anα-Zein HydrolysateShinsuke Miyoshi, Hiromi Ishikawa, Toshiyuki Kaneko, Fumio Fukui, HideokiTanaka & Susumu Maruyama ",4.0,,,,,,,False,0.4181942803594571
GILRP,90.7,"García-Tejedor, Aurora, et al. ""Novel antihypertensive lactoferrin-derived peptides produced by Kluyveromyces marxianus: gastrointestinal stability profile and in vivo angiotensin I-converting enzyme (ACE) inhibition."" Journal of agricultural and food chemistry 62.7 (2014): 1609-1616.",4.04239271293991,,,,,,,False,0.41820009174019845
WW,68.0,"D. Lunow, S. Kaiser, S. Brückner, A. Gotsch and T. Henle,
 Eur. Food Res. Technol., 2013, 237, 27–37.",4.16749108729376,,,,,,,False,0.4182228909053276
IHPFAQTQSLVYP,19.0,"Kohmura, Masanori, Noriki Nio, and Yasuo Ariyoshi. ""Inhibition of angiotensin-converting enzyme by synthetic peptide fragments of various β-caseins."" Agricultural and biological chemistry 54.4 (1990): 1101-1102.",4.72124639904717,,,,,,,False,0.41824360622916573
VVR,249.7,9729,3.60258145764865,,,,,,,False,0.4182709634033909
LVPFGW,20.0,"Zhang, Y., Dai, Z., Zhao, X., Chen, C., Li, S., Meng, Y., ... & Xue, Y. (2023). Deep learning drives efficient discovery of novel antihypertensive peptides from soybean protein isolate. Food Chemistry, 404, 134690.",4.69897000433602,,,,,,,False,0.41852775204161985
GRPRHQG,34.0,"Keiichi Yokoyama, Hideo Chiba, Masaaki Yoshikawa. Peptide Inhibitors for Angiotensin I-Converting Enzyme from Thermolysin Digest of Dried Bonito. Bioscience, Biotechnology, and Biochemistry, Volume 56, 1992, Page 1541-1545.",4.46852108295775,,,,,,,False,0.418552156799989
FC,478.0,"Hai‐Lun, H. E., et al. ""Analysis of novel angiotensin‐I‐converting enzyme inhibitory peptides from protease‐hydrolyzed marine shrimp Acetes chinensis."" Journal of peptide science: an official publication of the European Peptide Society 12.11 (2006): 726-733.",3.32057210338788,,,,,,,False,0.41859719794195066
GVSLPEW,30.0,"Hernandez-Ledesma, Blanca, and Chia-Chien Hsieh. Bioactive food peptides in health and disease. 2013.",4.52287874528034,,,,,,,False,0.4186144241603604
PHQIYP,30.0,"Kohmura M, Nio N, Kubo K, Minoshma Y, Munekata E, Ariyosh E. Inhibition of angiotensin-converting enzyme by synthetic peptides of human_x0003_-casein. Agric Biol Chem 1989;53:2107–14.",4.52287874528034,,,,,,,False,0.4187624564917362
VPLW,24.12,10152,4.61762269653189,,,,,,,False,0.41891836594778226
YYAPFQ,460.0,"Morinaga, Yae, et al. ""Chemical nature of a new antihypertensive peptide derived from jellyfish."" Food science and technology research 16.4 (2010): 333-340.",3.33724216831843,,,,,,,False,0.4191162184405328
PPF,239.33,11319,3.62100285918915,,,,,,,False,0.4191937632509965
MAM,199.1,10957,3.70092873997259,,,,,,,False,0.41928198244120357
PQPIP,340.0,"Kohmura M, Nio N, Kubo K, Minoshma Y, Munekata E, Ariyosh E. Inhibition of angiotensin-converting enzyme by synthetic peptides of human_x0003_-casein. Agric Biol Chem 1989;53:2107–14.",3.46852108295775,,,,,,,False,0.4194118038733901
IKY,34.0,"Jimsheena, V. K., and Lalitha R. Gowda. ""Arachin derived peptides as selective angiotensin I-converting enzyme (ACE) inhibitors: structure–activity relationship."" Peptides 31.6 (2010): 1165-1176.",4.46852108295775,,,,,,,False,0.41981238661531334
VWIS,30.0,"Marczak, Ewa D., et al. ""New antihypertensive peptides isolated from rapeseed."" Peptides 24.6 (2003): 791-798.",4.52287874528034,,,,,,,False,0.41987332566821645
AEL,57.1,"Suetsuna K, Chen JR. Identification of antihypertensive peptides from peptic digest of two microalgae, Chlorella vulgaris and Spirulina platensis. Marine Biotechnol (NY) 2001;3:305–9.",4.24336389175415,,,,,,,False,0.4198901316851811
VEF,23.0,10703,4.63827216398241,,,,,,,False,0.41991458901108064
AF,224.0,"Nakahara, Takeharu, et al. ""Antihypertensive effect of peptide-enriched soy sauce-like seasoning and identification of its angiotensin I-converting enzyme inhibitory substances."" Journal of agricultural and food chemistry 58.2 (2009): 821-827.",3.64975198166584,,,,,,,False,0.41992678519402876
ENLLRF,82.4,"Quirós, A., et al. ""Angiotensin-converting enzyme inhibitory activity of peptides derived from caprine kefir."" Journal of dairy science 88.10 (2005): 3480-3487.",4.08407278830288,,,,,,,False,0.42002894184660255
RPR,382.0,"Escudero, Elizabeth, et al. ""Angiotensin I-converting enzyme inhibitory peptides generated from in vitro gastrointestinal digestion of pork meat."" Journal of Agricultural and Food Chemistry 58.5 (2010): 2895-2901.",3.41793663708829,,,,,,,False,0.42010262687495775
IAV,153.4,"Balti, Rafik, et al. ""Analysis of novel angiotensin I-converting enzyme inhibitory peptides from enzymatic hydrolysates of cuttlefish (Sepia officinalis) muscle proteins."" Journal of agricultural and food chemistry 58.6 (2010): 3840-3846.",3.81417464038704,,,,,,,False,0.4201678918576317
KDYRL,26.5,"Puchalska, Patrycja, M. Luisa Marina Alegre, and M. Concepcion Garcia Lopez. ""Isolation and characterization of peptides with antihypertensive activity in foodstuffs."" Critical reviews in food science and nutrition 55.4 (2015): 521-551.",4.57675412606319,,,,,,,False,0.420215523195856
TSFYPDY,80.0,10572,4.09691001300806,,,,,,,False,0.42041046717609337
AY,39.66,"Nakahara, Takeharu, et al. ""Antihypertensive effect of peptide-enriched soy sauce-like seasoning and identification of its angiotensin I-converting enzyme inhibitory substances."" Journal of agricultural and food chemistry 58.2 (2009): 821-827.",4.40164729013072,,,,,,,False,0.4204375993918703
SHP,280.0,"Kohmura, Masanori, Noriki Nio, and Yasuo Ariyoshi. ""Inhibition of angiotensin-converting enzyme by synthetic peptide fragments of human κ-casein."" Agricultural and biological chemistry 54.3 (1990): 835-836.",3.55284196865778,,,,,,,False,0.4205213696140967
DYGLYP,62.0,"Keiichi Yokoyama, Hideo Chiba, Masaaki Yoshikawa. Peptide Inhibitors for Angiotensin I-Converting Enzyme from Thermolysin Digest of Dried Bonito. Bioscience, Biotechnology, and Biochemistry, Volume 56, 1992, Page 1541-1545.",4.20760831050175,,,,,,,False,0.42062193663457703
EMPFPK,423.0,"Pihlanto-Leppa¨la¨ A, Rokka T, Korhonen H. Angiotensin I converting enzyme inhibitory peptides derived from bovine milk proteins. Int Dairy J 1998;8:325–31.",3.37365963262496,,,,,,,False,0.4206767220939914
AV,371.89,"Salampessy, Junus, et al. ""Functional and potential therapeutic ACE-inhibitory peptides derived from bromelain hydrolysis of trevally proteins."" Journal of functional foods 14 (2015): 716-725.",3.42958549952005,,,,,,,False,0.4207152452241843
VSRHFASYAN,21.0,"Forghani, Bita, et al. ""Purification and characterization of angiotensin converting enzyme-inhibitory peptides derived from Stichopus horrens: Stability study against the ACE and inhibition kinetics."" Journal of functional foods 20 (2016): 276-290.",4.67778070526608,,,,,,,False,0.4209774710487794
TVDQHQ,288.4,"Sagardia, Iban, Rubén H. Roa-Ureta, and Carlos Bald. ""A new QSAR model, for angiotensin I-converting enzyme inhibitory oligopeptides."" Food chemistry 136.3-4 (2013): 1370-1376.",3.54000474395261,,,,,,,False,0.42108250948860204
IPPVPP,35.64,"Ding, Fengyun, et al. ""VPPIPP and IPPVPP: two hexapeptides innovated to exert antihypertensive activity."" PloS one 8.4 (2013): e62384.",4.44806230463516,,,,,,,False,0.421172567450028
RIY,28.0,"Marczak, Ewa D., et al. ""New antihypertensive peptides isolated from rapeseed."" Peptides 24.6 (2003): 791-798.",4.55284196865778,,,,,,,False,0.42131656318023886
LGECGGR,232.8,"Liu, Rui, et al. ""Characterization of ACE inhibitory peptides from Mactra veneriformis hydrolysate by nano-liquid chromatography electrospray ionization mass spectrometry (Nano-LC-ESI-MS) and molecular docking."" Marine drugs 12.7 (2014): 3917-3928.",3.63301702402215,,,,,,,False,0.4213523915775227
LSMGSASLSP,200.325349454393,"Kang, Min-Gu, et al. ""Characterization of an antihypertensive angiotensin I-converting enzyme inhibitory peptide from the edible mushroom Hypsizygus marmoreus."" BioMed research international 2013 (2013).",3.69826409098811,,,,,,,False,0.42152790727802664
YI,316.0,11114,3.5003129173816,,,,,,,False,0.42157168774678727
CWLPVY,22.2,"Astawan, Made, et al. ""Effects of angiotensin I-converting enzyme inhibitory substances derived from Indonesian dried-salted fish on blood pressure of rats."" Bioscience, biotechnology, and biochemistry 59.3 (1995): 425-429.",4.65364702554936,,,,,,,False,0.421649756093754
YPER,133.0,"Kim YK, Chung BH. A novel angiotensin-I–converting enzyme inhibitory peptide from human a'er'fas1-casein. Biotechnol Lett 1999;21:575–8.",3.87614835903291,,,,,,,False,0.4218341946480853
TVGMTAKF,30.0,"Li, M., Fan, W., & Xu, Y. (2021). Identification of angiotensin converting enzyme (ACE) inhibitory and antioxidant peptides derived from Pixian broad bean paste. LWT, 151, 112221.",4.52287874528034,,,,,,,False,0.42191727143740104
VSW,23.4422881531992,"Wu, Jianping, Rotimi E. Aluko, and Alister D. Muir. ""Purification of angiotensin I-converting enzyme-inhibitory peptides from the enzymatic hydrolysate of defatted canola meal."" Food chemistry 111.4 (2008): 942-950.",4.63,,,,,,,False,0.4222335386570691
VVY,22.0,"Puchalska, Patrycja, M. Luisa Marina Alegre, and M. Concepcion Garcia Lopez. ""Isolation and characterization of peptides with antihypertensive activity in foodstuffs."" Critical reviews in food science and nutrition 55.4 (2015): 521-551.",4.65757731917779,,,,,,,False,0.42225259783647817
HDHM,276.2,"Pihlanto, Anne, and Sari Mäkinen. ""Antihypertensive properties of plant protein derived peptides."" Bioactive food peptides in health and disease. IntechOpen, 2013.",3.55877632575739,,,,,,,False,0.4224043357914724
IVF,33.9,Angiotensin I–Converting Enzyme Inhibitory Activity of Peptides Derived from Egg White Proteins by Enzymatic Hydrolysis  Egg-derived bioactive peptides with ACE-inhibitory properties: a literature update,4.46980030179692,,,,,,,False,0.422411603292203
VRGP,120.0,"El-Salam, MH Abd, and S. El-Shibiny. ""Bioactive peptides of buffalo, camel, goat, sheep, mare, and yak milks and milk products."" Food Reviews International 29.1 (2013): 1-23.",3.92081875395238,,,,,,,False,0.42241885050503436
YGL,409.0,"Vladimir R.Vukic, In silico identification of milk antihypertensive di- and tripeptides involved in angiotensin I–converting enzyme inhibitory activity",3.38827669199266,,,,,,,False,0.42248492640423035
SWVE,65.28,"Pokora, M., Zambrowicz, A., Dąbrowska, A., Eckert, E., Setner, B., Szołtysik, M., … Chrzanowska, J. (2014). An attractive way of egg white protein by-product use for producing of novel anti-hypertensive peptides. Food Chemistry, 151, 500–505. doi:10.1016/j.foodchem.2013.11.111",4.1852198542542,,,,,,,False,0.42260086421008464
MIFPGGPQL,22.3,"Sagardia, Iban, Rubén H. Roa-Ureta, and Carlos Bald. ""A new QSAR model, for angiotensin I-converting enzyme inhibitory oligopeptides."" Food chemistry 136.3-4 (2013): 1370-1376.",4.65169513695184,,,,,,,False,0.42260607890145974
IRPV,31.0,"Matsumura, Nobuyasu, et al. ""Isolation and characterization of angiotensin I-converting enzyme inhibitory peptides derived from bonito bowels."" Bioscience, biotechnology, and biochemistry 57.10 (1993): 1743-1744.",4.50863830616573,,,,,,,False,0.42261333331866285
FNE,338.844156139203,"Wu, Jianping, Rotimi E. Aluko, and Alister D. Muir. ""Purification of angiotensin I-converting enzyme-inhibitory peptides from the enzymatic hydrolysate of defatted canola meal."" Food chemistry 111.4 (2008): 942-950.",3.47,,,,,,,False,0.42268286110247616
NLAG,332.0,"Jimsheena, V. K., and Lalitha R. Gowda. ""Angiotensin I-converting enzyme (ACE) inhibitory peptides derived from arachin by simulated gastric digestion."" Food chemistry 125.2 (2011): 561-569.",3.47886191629596,,,,,,,False,0.42272706961288614
VTGRFAGHPAAQ,22.55,"Zambrowicz, Aleksandra, et al. ""Multifunctional peptides derived from an egg yolk protein hydrolysate: isolation and characterization."" Amino acids 47.2 (2015): 369-380.",4.64685345378602,,,,,,,False,0.4228919698337576
GY,407.4,"Nakahara, Takeharu, et al. ""Antihypertensive effect of peptide-enriched soy sauce-like seasoning and identification of its angiotensin I-converting enzyme inhibitory substances."" Journal of agricultural and food chemistry 58.2 (2009): 821-827.",3.38997897533586,,,,,,,False,0.4230500047652252
VNP,32.5,"Tomatsu, Makoto, et al. ""Novel angiotensin I-converting enzyme inhibitory peptides derived from soya milk."" Food chemistry 136.2 (2013): 612-616.",4.48811663902113,,,,,,,False,0.42312343006905495
THIKWGD,50.0,"Kohama, Yasuhiro, et al. ""Potent synthetic analogues of angiotensin-converting enzyme inhibitor derived from tuna muscle."" Agricultural and biological chemistry 55.8 (1991): 2169-2170.",4.30102999566398,,,,,,,False,0.4231568115313085
WYSLAM,56.3,"Hernández-Ledesma, Blanca, et al. ""ACE-inhibitory and radical-scavenging activity of peptides derived from β-lactoglobulin f (19− 25). Interactions with ascorbic acid."" Journal of agricultural and food chemistry 55.9 (2007): 3392-3397.",4.24949160514865,,,,,,,False,0.4233217805495781
VYLAELHF,115.7,10816,3.93666664104825,,,,,,,False,0.4233453739582608
VPQPIP,290.0,"Kohmura M, Nio N, Kubo K, Minoshma Y, Munekata E, Ariyosh E. Inhibition of angiotensin-converting enzyme by synthetic peptides of human_x0003_-casein. Agric Biol Chem 1989;53:2107–14.",3.53760200210104,,,,,,,False,0.4235274656579014
AIYK,213.0,Identification of an antihypertensive peptide from peptic digest of wakame (Undaria pinnatifida) Kunio Suetsuna* and Takahisa Nakano†,3.67162039656126,,,,,,,False,0.42354696019738575
IPIPATKT,265.0,10085,3.57675412606319,,,,,,,False,0.4236152968058679
PYP,220.0,"1987, Susumu MARUYAMA, Hajime MITACHI, Hideoki TANAKA, Noboru TOMIZUKA and Hideo SUZUKI. Studies on the Active Site and Antihypertensive Activity of Angiotensin I-Converting Enzyme Inhibitors Derived from Casein.",3.65757731917779,,,,,,,False,0.42376345215849553
TP,290.0,"Ichimura, Toshiaki, et al. ""Angiotensin I-converting enzyme inhibitory activity and insulin secretion stimulative activity of fermented fish sauce."" Journal of bioscience and bioengineering 96.5 (2003): 496-499.",3.53760200210104,,,,,,,False,0.4238661463404852
MNP,66.5,"Nakashima Y, Arihara K, Mio H, Itoh M. Antihypertensive activities of peptides derived from porcine skeletal muscle myosin in spontaneously hypertensive rats. J Food Sci 2002;67:434–7.",4.1771783546969,,,,,,,False,0.42387911119975186
SRP,46.0,10550,4.33724216831843,,,,,,,False,0.4240109122557299
PAPPK,199.58,"Escudero, Elizabeth, Leticia Mora, and Fidel Toldrá. ""Stability of ACE inhibitory ham peptides against heat treatment and in vitro digestion."" Food chemistry 161 (2014): 305-311.",3.69988298171013,,,,,,,False,0.4240472479323441
DKVGINYW,25.4,"Tavares, Tânia, et al. ""Novel whey-derived peptides with inhibitory effect against angiotensin-converting enzyme: in vitro effect and stability to gastrointestinal enzymes."" Peptides 32.5 (2011): 1013-1019.",4.59516628338006,,,,,,,False,0.424102041180676
PVPQP,110.0,"Kohmura M, Nio N, Kubo K, Minoshma Y, Munekata E, Ariyosh E. Inhibition of angiotensin-converting enzyme by synthetic peptides of human_x0003_-casein. Agric Biol Chem 1989;53:2107–14.",3.95860731484178,,,,,,,False,0.42428673634131175
GIHETTY,25.55,"Balti, Rafik, et al. ""Nine novel angiotensin I-converting enzyme (ACE) inhibitory peptides from cuttlefish (Sepia officinalis) muscle protein hydrolysates and antihypertensive effect of the potent active peptide in spontaneously hypertensive rats."" Food chemistry 170 (2015): 519-525.",4.59260909552927,,,,,,,False,0.4244961956292246
VLY,30.9029543251359,"Wu, Jianping, Rotimi E. Aluko, and Alister D. Muir. ""Purification of angiotensin I-converting enzyme-inhibitory peptides from the enzymatic hydrolysate of defatted canola meal."" Food chemistry 111.4 (2008): 942-950.",4.51,,,,,,,False,0.42480334579027623
ITH,28.77,11314,4.54106013810967,,,,,,,False,0.42498278653561944
PLPWGAGF,31.88,11496,4.49648168727593,,,,,,,False,0.42502707606617407
ANPAVVRP,25.0,"Kohmura, Masanori, Noriki Nio, and Yasuo Ariyoshi. ""Inhibition of angiotensin-converting enzyme by synthetic peptide fragments of human κ-casein."" Agricultural and biological chemistry 54.3 (1990): 835-836.",4.60205999132796,,,,,,,False,0.4251792220284064
TLKYP,170.0,"Lassoued, Imen, et al. ""Angiotensin I‐converting enzyme inhibitory peptides FQPSF and LKYPI identified in Bacillus subtilis A26 hydrolysate of thornback ray muscle."" International Journal of Food Science & Technology 51.7 (2016): 1604-1609.",3.76955107862173,,,,,,,False,0.4251906413801518
MIFPGAGGPEL,26.66,"Murray, B. A., and R. J. FitzGerald. ""Angiotensin converting enzyme inhibitory peptides derived from food proteins: biochemistry, bioactivity and production."" Current pharmaceutical design 13.8 (2007): 773-791.",4.57413985492216,,,,,,,False,0.4253044529663444
LA,310.0,7585,3.50863830616573,,,,,,,False,0.4253685128977999
KAAAATP,25.64,"Escudero, E., Mora, L., & Toldrá, F. (2014). Stability of ACE inhibitory ham peptides against heat treatment and in vitro digestion. Food Chemistry, 161, 305–311. doi:10.1016/j.foodchem.2014.03.117",4.59108197915322,,,,,,,False,0.42539107527779696
GP,360.0,"Ichimura, Toshiaki, et al. ""Angiotensin I-converting enzyme inhibitory activity and insulin secretion stimulative activity of fermented fish sauce."" Journal of bioscience and bioengineering 96.5 (2003): 496-499.",3.44369749923271,,,,,,,False,0.4254008379148536
DMIPAQK,45.0,"Keiichi Yokoyama, Hideo Chiba, Masaaki Yoshikawa. Peptide Inhibitors for Angiotensin I-Converting Enzyme from Thermolysin Digest of Dried Bonito. Bioscience, Biotechnology, and Biochemistry, Volume 56, 1992, Page 1541-1545.",4.34678748622466,,,,,,,False,0.4255406469013265
WIR,88.5,"Rao, Shengqi, et al. ""ACE inhibitory peptides and antioxidant peptides derived from in vitro digestion hydrolysate of hen egg white lysozyme."" Food chemistry 135.3 (2012): 1245-1252.",4.05305672930218,,,,,,,False,0.4255785850847174
NPR,285.4,9730,3.54454603122137,,,,,,,False,0.42560332388774047
GPK,352.0,"Vladimir R.Vukic, In silico identification of milk antihypertensive di- and tripeptides involved in angiotensin I–converting enzyme inhibitory activity",3.45345733652187,,,,,,,False,0.4256167206958874
AYIASKGL,35.059,"Mimura, Tsutomu, et al. ""Angiotensin converting enzyme inhibitor."" U.S. Patent No. 5,098,887. 24 Mar. 1992.",4.45520047559749,,,,,,,False,0.42567256005272713
RDMPIQAF,209.0,"Yamamoto, Naoyuki, Atsuko Akino, and Toshiaki Takano. ""Antihypertensive effect of the peptides derived from casein by an extracellular proteinase from Lactobacillus helveticus CP790."" Journal of dairy science 77.4 (1994): 917-922.",3.67985371388895,,,,,,,False,0.42570730679857666
SFHPYFSY,82.71,"Balti, Rafik, et al. ""Nine novel angiotensin I-converting enzyme (ACE) inhibitory peptides from cuttlefish (Sepia officinalis) muscle protein hydrolysates and antihypertensive effect of the potent active peptide in spontaneously hypertensive rats."" Food chemistry 170 (2015): 519-525.",4.08244197917456,,,,,,,False,0.4257254996299677
ILVDR,81.25,10775,4.09017663034909,,,,,,,False,0.4258088652998338
PRKEKLCTTS,142.0,"Sagardia, Iban, et al. ""Quantitative structure–activity relationship based screening of bioactive peptides identified in ripened cheese."" International Dairy Journal 33.2 (2013): 184-190.",3.84771165561694,,,,,,,False,0.4258114251283128
ENGLPVHLDQSIFRR,180.0,"Rybak, Susanna M., et al. ""C-terminal angiogenin peptides inhibit the biological and enzymatic activities of angiogenin."" Biochemical and biophysical research communications 162.1 (1989): 535-543.",3.74472749489669,,,,,,,False,0.4259832013131584
SQPK,354.0,"Geerlings, A., et al. ""Identification and characterization of novel angiotensin-converting enzyme inhibitors obtained from goat milk."" Journal of dairy science 89.9 (2006): 3326-3335.",3.45099673797421,,,,,,,False,0.42598955011805495
HFEAMR,192.3,"Liu, Rui, et al. ""Characterization of ACE inhibitory peptides from Mactra veneriformis hydrolysate by nano-liquid chromatography electrospray ionization mass spectrometry (Nano-LC-ESI-MS) and molecular docking."" Marine drugs 12.7 (2014): 3917-3928.",3.71602071576152,,,,,,,False,0.42619260472527815
NPP,290.5,"Lee, Dae Hyoung, et al. ""Isolation and characterization of a novel angiotensin I-converting enzyme inhibitory peptide derived from the edible mushroom Tricholoma giganteum."" Peptides 25.4 (2004): 621-627.",3.53685386327365,,,,,,,False,0.4263525199458193
FNQ,355.0,"Yano, Seiko, Kazumasa Suzuki, and Gunki Funatsu. ""Isolation from α-zein of thermolysin peptides with angiotensin I-converting enzyme inhibitory activity."" Bioscience, biotechnology, and biochemistry 60.4 (1996): 661-663.",3.44977164694491,,,,,,,False,0.426376274601022
APER,190.88,"Salampessy, Junus, et al. ""Functional and potential therapeutic ACE-inhibitory peptides derived from bromelain hydrolysis of trevally proteins."" Journal of functional foods 14 (2015): 716-725.",3.71923957367373,,,,,,,False,0.42641724394721775
IETWNPNNQ,72.0,"Jimsheena, V. K., and Lalitha R. Gowda. ""Angiotensin I-converting enzyme (ACE) inhibitory peptides derived from arachin by simulated gastric digestion."" Food chemistry 125.2 (2011): 561-569.",4.14266750356873,,,,,,,False,0.4264549063360888
LEE,100.0,"Wu, Jianping, Rotimi E. Aluko, and Alister D. Muir. ""Purification of angiotensin I-converting enzyme-inhibitory peptides from the enzymatic hydrolysate of defatted canola meal."" Food chemistry 111.4 (2008): 942-950.",4.0,,,,,,,False,0.42652563458856724
GLYP,190.0,"Keiichi Yokoyama, Hideo Chiba, Masaaki Yoshikawa. Peptide Inhibitors for Angiotensin I-Converting Enzyme from Thermolysin Digest of Dried Bonito. Bioscience, Biotechnology, and Biochemistry, Volume 56, 1992, Page 1541-1545.",3.72124639904717,,,,,,,False,0.4265403459818401
PKAIP,185.0,"Kohmura, Masanori, Noriki Nio, and Yasuo Ariyoshi. ""Inhibition of angiotensin-converting enzyme by synthetic peptide fragments of various β-caseins."" Agricultural and biological chemistry 54.4 (1990): 1101-1102.",3.73282827159699,,,,,,,False,0.4266079100433552
SGP,77.7,"O'Keeffe, Martina B., et al. ""Peptide identification in a porcine gelatin prolyl endoproteinase hydrolysate with angiotensin converting enzyme (ACE) inhibitory and hypotensive activity."" Journal of functional foods 34 (2017): 77-88.",4.10957898119909,,,,,,,False,0.4266280994182131
NPPHQIYP,37.0,"Kohmura M, Nio N, Kubo K, Minoshma Y, Munekata E, Ariyosh E. Inhibition of angiotensin-converting enzyme by synthetic peptides of human_x0003_-casein. Agric Biol Chem 1989;53:2107–14.",4.43179827593301,,,,,,,False,0.42680382012285917
WH,93.0,"Suetsuna, Kunio, Keisei Maekawa, and Jiun-Rong Chen. ""Antihypertensive effects of Undaria pinnatifida (wakame) peptide on blood pressure in spontaneously hypertensive rats."" The Journal of nutritional biochemistry 15.5 (2004): 267-272.",4.03151705144607,,,,,,,False,0.4268492968213399
TNW,61.0,"Xie, Jingli, et al. ""Antihypertensive effects, molecular docking study, and isothermal titration calorimetry assay of angiotensin I-converting enzyme inhibitory peptides from Chlorella vulgaris."" Journal of agricultural and food chemistry 66.6 (2018): 1359-1368.",4.21467016498923,,,,,,,False,0.4268877687927243
KAPVA,46.56,"Escudero, Elizabeth, et al. ""Angiotensin I-converting enzyme inhibitory peptides generated from in vitro gastrointestinal digestion of pork meat."" Journal of Agricultural and Food Chemistry 58.5 (2010): 2895-2901.",4.33198702835817,,,,,,,False,0.4269193948407105
KVGTKCCAKP,30.0,"Sagardia, Iban, et al. ""Quantitative structure–activity relationship based screening of bioactive peptides identified in ripened cheese."" International Dairy Journal 33.2 (2013): 184-190.",4.52287874528034,,,,,,,False,0.42694621331331106
SLPQ,330.0,"Geerlings, A., et al. ""Identification and characterization of novel angiotensin-converting enzyme inhibitors obtained from goat milk."" Journal of dairy science 89.9 (2006): 3326-3335.",3.48148606012211,,,,,,,False,0.42710314026167073
LGAVPPRY,29.3,10814,4.53313237964589,,,,,,,False,0.42714833596769347
FK,265.0,"Huang, Guan-Jhong, et al. ""Sweet potato storage root defensin and its tryptic hydrolysates exhibited angiotensin converting enzyme inhibitory activity in vitro."" Bot Stud 52.3 (2011): 257-264.",3.57675412606319,,,,,,,False,0.4272084202535087
KLKFV,30.2,"Sagardia, Iban, Rubén H. Roa-Ureta, and Carlos Bald. ""A new QSAR model, for angiotensin I-converting enzyme inhibitory oligopeptides."" Food chemistry 136.3-4 (2013): 1370-1376.",4.51999305704285,,,,,,,False,0.4272186585091197
GYALPHA,27.3,"Wako Y, Ishikawa S, Muramoto K. Angiotensin I–converting enzyme inhibitors in autolysates of liver and mantle muscle. Biosci Biotech Biochem 1996;60:1353–5.",4.56383735295924,,,,,,,False,0.42723138941998834
LVPP,125.0,"Nakamura, Yasunori, and Toshiaki Takano. ""Angiotensin converting enzyme inhibitor and method for preparing same."" U.S. Patent No. 5,449,661. 12 Sep. 1995.",3.90308998699194,,,,,,,False,0.42726321834974407
DFY,44.35,"Lafarga, Tomas, Paula O’Connor, and Maria Hayes. ""Identification of novel dipeptidyl peptidase-IV and angiotensin-I-converting enzyme inhibitory peptides from meat proteins using in silico analysis."" Peptides 59 (2014): 53-62.",4.35310637583226,,,,,,,False,0.42727802473521526
VVW,76.0,"Xie, Jingli, et al. ""Antihypertensive effects, molecular docking study, and isothermal titration calorimetry assay of angiotensin I-converting enzyme inhibitory peptides from Chlorella vulgaris."" Journal of agricultural and food chemistry 66.6 (2018): 1359-1368.",4.11918640771921,,,,,,,False,0.42734794023786976
LKYPI,27.07,"Lassoued, Imen, et al. ""Angiotensin I‐converting enzyme inhibitory peptides FQPSF and LKYPI identified in Bacillus subtilis A26 hydrolysate of thornback ray muscle."" International Journal of Food Science & Technology 51.7 (2016): 1604-1609.",4.56751174422949,,,,,,,False,0.427436841625942
YQEP,315.75,"Silva, S. V., Anne Pihlanto, and F. Xavier Malcata. ""Bioactive peptides in ovine and caprine cheeselike systems prepared with proteases from Cynara cardunculus."" Journal of dairy science 89.9 (2006): 3336-3344.",3.50065664077263,,,,,,,False,0.42745100772898353
AW,36.35,"Nakahara, Takeharu, et al. ""Antihypertensive effect of peptide-enriched soy sauce-like seasoning and identification of its angiotensin I-converting enzyme inhibitory substances."" Journal of agricultural and food chemistry 58.2 (2009): 821-827.",4.43949558480494,,,,,,,False,0.42749553122247347
GIPLPLI,74.27,9544,4.1291865760844,,,,,,,False,0.42754222987019885
IPAQK,260.0,"Keiichi Yokoyama, Hideo Chiba, Masaaki Yoshikawa. Peptide Inhibitors for Angiotensin I-Converting Enzyme from Thermolysin Digest of Dried Bonito. Bioscience, Biotechnology, and Biochemistry, Volume 56, 1992, Page 1541-1545.",3.58502665202918,,,,,,,False,0.4275567539309527
VAF,35.8,"Suetsuna K, Chen JR. Identification of antihypertensive peptides from peptic digest of two microalgae, Chlorella vulgaris and Spirulina platensis. Marine Biotechnol (NY) 2001;3:305–9.",4.44611697335613,,,,,,,False,0.42761726484009854
IKPVQ,33.5,"Jing, Tao, et al. ""Rational design of angiotensin‐I‐converting enzyme inhibitory peptides by integrating in silico modeling and an in vitro assay."" ChemMedChem 8.7 (2013): 1057-1066.",4.47495519296315,,,,,,,False,0.4278217422443753
MF,44.7,"Matsufuji, H., Matsui, T., Seki, E., Osajima, K., Nakashima, M., & Osajima, Y. (1994). Angiotensin I-converting Enzyme Inhibitory Peptides in an Alkaline Protease Hydrolyzate Derived from Sardine Muscle. Bioscience, Biotechnology, and Biochemistry, 58(12), 2244–2245. doi:10.1271/bbb.58.2244 ",4.34969247686806,,,,,,,False,0.42787122236796077
VFNNNPQE,295.4,10530,3.52958950902407,,,,,,,False,0.4278782368118402
QLGP,311.7,"O'Keeffe, Martina B., et al. ""Peptide identification in a porcine gelatin prolyl endoproteinase hydrolysate with angiotensin converting enzyme (ACE) inhibitory and hypotensive activity."" Journal of functional foods 34 (2017): 77-88.",3.50626319772316,,,,,,,False,0.4279065765526922
GLFF,310.0,10780,3.50863830616573,,,,,,,False,0.42802644477987817
VTSTAV,52.0,"Short communication: Bovine κ-casein variants result in different angiotensin I converting enzyme (ACE) inhibitory peptides C. Weimann,*1 H. Meisel,† and G. Erhardt* *Institute of Animal Breeding and Genetics, Ludwigstr. 21B, D-35390 Giessen, Germany †Max Rubner-Institute (MRI), Federal Research Institute of Nutrition and Food, Department of Safety and Quality of Milk and Fish Products, PO Box 6069, D-24121 Kiel, Germany",4.2839966563652,,,,,,,False,0.4281021744962146
NLHLPLP,51.0,"Kohmura M, Nio N, Kubo K, Minoshma Y, Munekata E, Ariyosh E. Inhibition of angiotensin-converting enzyme by synthetic peptides of human_x0003_-casein. Agric Biol Chem 1989;53:2107–14.",4.29242982390206,,,,,,,False,0.42811684404295575
WY,38.3,"Hernández-Ledesma, Blanca, et al. ""ACE-inhibitory and radical-scavenging activity of peptides derived from β-lactoglobulin f (19− 25). Interactions with ascorbic acid."" Journal of agricultural and food chemistry 55.9 (2007): 3392-3397.",4.41680122603138,,,,,,,False,0.42825866532753315
RHQG,330.0,"Keiichi Yokoyama, Hideo Chiba, Masaaki Yoshikawa. Peptide Inhibitors for Angiotensin I-Converting Enzyme from Thermolysin Digest of Dried Bonito. Bioscience, Biotechnology, and Biochemistry, Volume 56, 1992, Page 1541-1545.",3.48148606012211,,,,,,,False,0.42831202173086436
VKCFR,34.5,"Li, Jun, et al. ""Peptides derived from Rhopilema esculentum hydrolysate exhibit angiotensin converting enzyme (ACE) inhibitory and antioxidant abilities."" Molecules 19.9 (2014): 13587-13602.",4.46218090492673,,,,,,,False,0.42836217861963677
WSR,300.12,10586,3.52270506222187,,,,,,,False,0.42836449511904595
WT,217.0,"Norris, Roseanne, et al. ""Predictive modelling of angiotensin converting enzyme inhibitory dipeptides."" Food Chemistry 133.4 (2012): 1349-1354.",3.66354026615147,,,,,,,False,0.42847283110796147
VLSRYP,36.7,"Li, Yun, et al. ""Purification and identification of novel peptides with inhibitory effect against angiotensin I-converting enzyme and optimization of process conditions in milk fermented with the yeast Kluyveromyces marxianus."" Journal of functional foods 16 (2015): 278-288.",4.43533393574791,,,,,,,False,0.4284858229430992
VYPFPGPI,299.25,"Sagardia, Iban, Rubén H. Roa-Ureta, and Carlos Bald. ""A new QSAR model, for angiotensin I-converting enzyme inhibitory oligopeptides."" Food chemistry 136.3-4 (2013): 1370-1376.",3.52396584092155,,,,,,,False,0.4284941339275391
QLGFLGPR,148.0,"Lee, Jung Kwon, Joong-Kyun Jeon, and Hee-Guk Byun. ""Effect of angiotensin I converting enzyme inhibitory peptide purified from skate skin hydrolysate."" Food Chemistry 125.2 (2011): 495-499.",3.82973828460504,,,,,,,False,0.42856866312103115
HQAAGW,60.0,"Sagardia, Iban, Rubén H. Roa-Ureta, and Carlos Bald. ""A new QSAR model, for angiotensin I-converting enzyme inhibitory oligopeptides."" Food chemistry 136.3-4 (2013): 1370-1376.",4.22184874961636,,,,,,,False,0.42864274195284124
TNGIIR,70.0,"Yu, Zhipeng, et al. ""Primary and secondary structure of novel ACE-inhibitory peptides from egg white protein."" Food chemistry 133.2 (2012): 315-322.",4.15490195998574,,,,,,,False,0.4286576402839867
LNENLLRFFVAPFPEVFG,280.0,"Robert, Marie-Claude, et al. ""Identification of angiotensin-I-converting enzyme inhibitory peptides derived from sodium caseinate hydrolysates produced by Lactobacillus helveticus NCC 2765."" Journal of Agricultural and Food Chemistry 52.23 (2004): 6923-6931.",3.55284196865778,,,,,,,False,0.4287709081769411
VGVIKAVDKKAGGAGKVT,125.0,"Duan, Xiang, et al. ""Naturally occurring angiotensin I-converting enzyme inhibitory peptide from a fertilized egg and its inhibitory mechanism."" Journal of agricultural and food chemistry 62.24 (2014): 5500-5506.",3.90308998699194,,,,,,,False,0.42882571612614007
IYP,61.0,"Kohmura M, Nio N, Kubo K, Minoshma Y, Munekata E, Ariyosh E. Inhibition of angiotensin-converting enzyme by synthetic peptides of human_x0003_-casein. Agric Biol Chem 1989;53:2107–14.",4.21467016498923,,,,,,,False,0.42885085243150123
VEP,40.88,11315,4.38848911287334,,,,,,,False,0.42899441710865366
TGPIPN,316.0,"Geerlings, A., et al. ""Identification and characterization of novel angiotensin-converting enzyme inhibitors obtained from goat milk."" Journal of dairy science 89.9 (2006): 3326-3335.",3.5003129173816,,,,,,,False,0.4290034541858787
WYT,54.0,9941,4.26760624017703,,,,,,,False,0.4290481433239015
VEGY,128.4,"Ko, Seok-Chun, et al. ""A novel angiotensin I-converting enzyme (ACE) inhibitory peptide from a marine Chlorella ellipsoidea and its antihypertensive effect in spontaneously hypertensive rats."" Process biochemistry 47.12 (2012): 2005-2011.",3.89143497626717,,,,,,,False,0.42912152578396184
SLR,170.0,9945,3.76955107862173,,,,,,,False,0.4291423211603297
HLNVVHEN,50.88,9935,4.29345289735964,,,,,,,False,0.4291431527255612
VGRPRHQG,81.0,"Keiichi Yokoyama, Hideo Chiba, Masaaki Yoshikawa. Peptide Inhibitors for Angiotensin I-Converting Enzyme from Thermolysin Digest of Dried Bonito. Bioscience, Biotechnology, and Biochemistry, Volume 56, 1992, Page 1541-1545.",4.09151498112135,,,,,,,False,0.4292668794033562
LSNGK,130.6,9101,3.88405682306095,,,,,,,False,0.42935695370429466
ENGLPVHLDQSIFR,190.0,"Rybak, Susanna M., et al. ""C-terminal angiogenin peptides inhibit the biological and enzymatic activities of angiogenin."" Biochemical and biophysical research communications 162.1 (1989): 535-543.",3.72124639904717,,,,,,,False,0.4294087005979935
ALPMHIR,42.6,"Mullally MM, Meisel H, FitzGerald RJ. Identification of a novel angiotensin-I converting enzyme inhibitory peptide corresponding to a tryptic fragment of bovine _x0003_-lactoglobulin. FEBS Lett 1997;402: 99–101.",4.37059040089728,,,,,,,False,0.4294141632268586
ERYL,200.3,"Ruiz, José Ángel Gómez, Mercedes Ramos, and Isidra Recio. ""Angiotensin converting enzyme-inhibitory activity of peptides isolated from Manchego cheese. Stability under simulated gastrointestinal digestion."" International dairy journal 14.12 (2004): 1075-1080.",3.69831905070642,,,,,,,False,0.42941892697187256
NGGPPT,307.4,10093,3.51229613683627,,,,,,,False,0.4294442165777549
IITNW,30.96,"Lassoued, Imen, et al. ""Angiotensin I‐converting enzyme inhibitory peptides FQPSF and LKYPI identified in Bacillus subtilis A26 hydrolysate of thornback ray muscle."" International Journal of Food Science & Technology 51.7 (2016): 1604-1609.",4.50919904798915,,,,,,,False,0.4295413831908414
PVNNPQIH,206.7,"Rui, Xin, et al. ""Purification and characterization of angiotensin I-converting enzyme inhibitory peptides of small red bean (Phaseolus vulgaris) hydrolysates."" Journal of Functional Foods 5.3 (2013): 1116-1124.",3.68465952337271,,,,,,,False,0.4295748991202557
DPYKLRP,30.5,"García-Tejedor, Aurora, et al. ""Novel antihypertensive lactoferrin-derived peptides produced by Kluyveromyces marxianus: gastrointestinal stability profile and in vivo angiotensin I-converting enzyme (ACE) inhibition."" Journal of agricultural and food chemistry 62.7 (2014): 1609-1616.",4.51570016065321,,,,,,,False,0.42960435106028694
PDLVF,84.9,"Anna, Torkova, et al. ""Effect of in vitro gastrointestinal digestion on bioactivity of poultry protein hydrolysate."" Current Research in Nutrition and Food Science Journal 4.Special Issue Nutrition in Conference October 2016 (2016): 77-86.",4.07109230975605,,,,,,,False,0.4296482547306218
SNIP,228.3,"Pihlanto, Anne, and Sari Mäkinen. ""Antihypertensive properties of plant protein derived peptides."" Bioactive food peptides in health and disease. IntechOpen, 2013.",3.64149408850976,,,,,,,False,0.42981112245992653
LNY,81.0,"Keiichi Yokoyama, Hideo Chiba, Masaaki Yoshikawa. Peptide Inhibitors for Angiotensin I-Converting Enzyme from Thermolysin Digest of Dried Bonito. Bioscience, Biotechnology, and Biochemistry, Volume 56, 1992, Page 1541-1545.",4.09151498112135,,,,,,,False,0.4298258235201734
PTHIKWD,38.0,"Kohama, Yasuhiro, et al. ""Potent synthetic analogues of angiotensin-converting enzyme inhibitor derived from tuna muscle."" Agricultural and biological chemistry 55.8 (1991): 2169-2170.",4.42021640338319,,,,,,,False,0.4298533455651657
GPVGPA,123.4,"Oshima, Genichiro, Hirokazu Shimabukuro, and Kinzo Nagasawa. ""Peptide inhibitors of angiotensin I-converting enzyme in digests of gelatin by bacterial collagenase."" Biochimica et Biophysica Acta (BBA)-Enzymology 566.1 (1979): 128-137.",3.90868484030278,,,,,,,False,0.4298711556308046
ALNEINQFYQK,264.0,Angiotensin‐I‐converting enzyme inhibitory peptides from tryptic hydrolysate of bovine αS2‐caseinJérôme TauzinLaurent MicloJean-Luc Gaillard,3.57839607313017,,,,,,,False,0.4299593237863899
PPPVHL,110.0,"Angiotensin I-Converting Enzyme Inhibitory Activities of Synthetic Peptides Related to the Tandem Repeated Sequence of a Maize Endosperm Protein Susumu Maruyama, Shinsuke Miyoshi, Toshiyuki Kaneko & Hideoki Tanaka",3.95860731484178,,,,,,,False,0.4300178908849332
PSFQP,73.0,"Kohmura M, Nio N, Kubo K, Minoshma Y, Munekata E, Ariyosh E. Inhibition of angiotensin-converting enzyme by synthetic peptides of human_x0003_-casein. Agric Biol Chem 1989;53:2107–14.",4.13667713987954,,,,,,,False,0.4300192501212678
WCW,49.5,10567,4.30539480106643,,,,,,,False,0.43006474870800954
YLPP,290.0,10478,3.53760200210104,,,,,,,False,0.4302069967156985
PQAFP,300.0,"Kohmura, Masanori, Noriki Nio, and Yasuo Ariyoshi. ""Inhibition of angiotensin-converting enzyme by synthetic peptide fragments of various β-caseins."" Agricultural and biological chemistry 54.4 (1990): 1101-1102.",3.52287874528034,,,,,,,False,0.430412967125641
ENLLRFFVAPFPEVFG,250.0,"Robert, Marie-Claude, et al. ""Identification of angiotensin-I-converting enzyme inhibitory peptides derived from sodium caseinate hydrolysates produced by Lactobacillus helveticus NCC 2765."" Journal of Agricultural and Food Chemistry 52.23 (2004): 6923-6931.",3.60205999132796,,,,,,,False,0.4304487227531472
LSGNK,130.6,"Luna-Vital, Diego A., et al. ""Peptides present in the non-digestible fraction of common beans (Phaseolus vulgaris L.) inhibit the angiotensin-I converting enzyme by interacting with its catalytic cavity independent of their antioxidant capacity."" Food & function 6.5 (2015): 1470-1479.",3.88405682306095,,,,,,,False,0.4304742080945488
PANIKWGD,31.16,"Sagardia, Iban, Rubén H. Roa-Ureta, and Carlos Bald. ""A new QSAR model, for angiotensin I-converting enzyme inhibitory oligopeptides."" Food chemistry 136.3-4 (2013): 1370-1376.",4.50640255099947,,,,,,,False,0.4305298408090538
LGF,290.0,10783,3.53760200210104,,,,,,,False,0.43053562639501164
SLVYP,40.0,"Kohmura, Masanori, Noriki Nio, and Yasuo Ariyoshi. ""Inhibition of angiotensin-converting enzyme by synthetic peptide fragments of various β-caseins."" Agricultural and biological chemistry 54.4 (1990): 1101-1102.",4.39794000867204,,,,,,,False,0.43056178393957834
SALAM,229.1,Angiotensin I–Converting Enzyme Inhibitory Activity of Peptides Derived from Egg White Proteins by Enzymatic Hydrolysis  Egg-derived bioactive peptides with ACE-inhibitory properties: a literature update,3.6399749108106,,,,,,,False,0.43069147065509317
TVYTKGRVMP,38.0,"Kohmura M, Nio N, Kubo K, Minoshma Y, Munekata E, Ariyosh E. Inhibition of angiotensin-converting enzyme by synthetic peptides of human_x0003_-casein. Agric Biol Chem 1989;53:2107–14.",4.42021640338319,,,,,,,False,0.43082065703831435
GAW,240.0,"Chen, Guan-Wen, Jenn-Shou Tsai, and Bonnie Sun Pan. ""Purification of angiotensin I-converting enzyme inhibitory peptides and antihypertensive effect of milk produced by protease-facilitated lactic fermentation."" International Dairy Journal 17.6 (2007): 641-647.",3.61978875828839,,,,,,,False,0.43091093867472924
YGLYP,260.0,"Keiichi Yokoyama, Hideo Chiba, Masaaki Yoshikawa. Peptide Inhibitors for Angiotensin I-Converting Enzyme from Thermolysin Digest of Dried Bonito. Bioscience, Biotechnology, and Biochemistry, Volume 56, 1992, Page 1541-1545.",3.58502665202918,,,,,,,False,0.43098637420480107
DAGP,162.3,"O'Keeffe, Martina B., et al. ""Peptide identification in a porcine gelatin prolyl endoproteinase hydrolysate with angiotensin converting enzyme (ACE) inhibitory and hypotensive activity."" Journal of functional foods 34 (2017): 77-88.",3.78968148017377,,,,,,,False,0.43102690720654213
GTEKC,61.67,"Lau, Ching Ching, Noorlidah Abdullah, and Adawiyah Suriza Shuib. ""Novel angiotensin I-converting enzyme inhibitory peptides derived from an edible mushroom, Pleurotus cystidiosus OK Miller identified by LC-MS/MS."" BMC complementary and alternative medicine 13.1 (2013): 313.",4.2099260515737,,,,,,,False,0.43125659878837674
VYPFPG,221.0,"Abubakar, Amhar, et al. ""Structural analysis of new antihypertensive peptides derived from cheese whey protein by proteinase K digestion."" Journal of Dairy Science 81.12 (1998): 3131-3138.",3.65560772631489,,,,,,,False,0.43137047410345764
ALNEINQFY,219.0,Angiotensin‐I‐converting enzyme inhibitory peptides from tryptic hydrolysate of bovine αS2‐caseinJérôme TauzinLaurent MicloJean-Luc Gaillard,3.65955588515988,,,,,,,False,0.4313794146750915
SI,188.3,11318,3.72514967998334,,,,,,,False,0.43139784487680943
AQTQSLVYP,76.0,"Kohmura, Masanori, Noriki Nio, and Yasuo Ariyoshi. ""Inhibition of angiotensin-converting enzyme by synthetic peptide fragments of various β-caseins."" Agricultural and biological chemistry 54.4 (1990): 1101-1102.",4.11918640771921,,,,,,,False,0.43162385117812957
KFY,45.0,Identification of an antihypertensive peptide from peptic digest of wakame (Undaria pinnatifida) Kunio Suetsuna* and Takahisa Nakano†,4.34678748622466,,,,,,,False,0.4317064528501376
FGK,160.0,"1987, Susumu MARUYAMA, Hajime MITACHI, Hideoki TANAKA, Noboru TOMIZUKA and Hideo SUZUKI. Studies on the Active Site and Antihypertensive Activity of Angiotensin I-Converting Enzyme Inhibitors Derived from Casein.",3.79588001734408,,,,,,,False,0.43182300068368623
RPP,60.2559586074358,"Wu, Jianping, Rotimi E. Aluko, and Alister D. Muir. ""Purification of angiotensin I-converting enzyme-inhibitory peptides from the enzymatic hydrolysate of defatted canola meal."" Food chemistry 111.4 (2008): 942-950.",4.22,,,,,,,False,0.4319954393185558
PSNPP,250.9,"Escudero, Elizabeth, Leticia Mora, and Fidel Toldrá. ""Stability of ACE inhibitory ham peptides against heat treatment and in vitro digestion."" Food chemistry 161 (2014): 305-311.",3.60049933868539,,,,,,,False,0.43203976012006556
RGY,61.9,Purification and characterization of angiotensin I-converting enzyme inhibitory peptides from enzymatic hydrolysate of hen egg white lysozyme,4.20830935097988,,,,,,,False,0.4320632620740018
VLPYP,36.0,"Kohmura M, Nio N, Kubo K, Minoshma Y, Munekata E, Ariyosh E. Inhibition of angiotensin-converting enzyme by synthetic peptides of human_x0003_-casein. Agric Biol Chem 1989;53:2107–14.",4.44369749923271,,,,,,,False,0.4321538777867169
KWL,43.6,"Terashima, Masaaki, et al. ""Inhibition strength of short peptides derived from an ACE inhibitory peptide."" Journal of agricultural and food chemistry 59.20 (2011): 11234-11237.",4.36051351073141,,,,,,,False,0.4322298621338675
IPALLKR,43.0,"Asoodeh, Ahmad, et al. ""Potential angiotensin I converting enzyme inhibitory peptides from gluten hydrolysate: biochemical characterization and molecular docking study."" Journal of Cereal Science 60.1 (2014): 92-98.",4.36653154442041,,,,,,,False,0.4323157216175307
LENLHLPLP,86.0,"Kohmura M, Nio N, Kubo K, Minoshma Y, Munekata E, Ariyosh E. Inhibition of angiotensin-converting enzyme by synthetic peptides of human_x0003_-casein. Agric Biol Chem 1989;53:2107–14.",4.06550154875643,,,,,,,False,0.43233091376954996
VHLPPP,200.0,"Angiotensin I-Converting Enzyme Inhibitory Activities of Synthetic Peptides Related to the Tandem Repeated Sequence of a Maize Endosperm Protein Susumu Maruyama, Shinsuke Miyoshi, Toshiyuki Kaneko & Hideoki Tanaka",3.69897000433602,,,,,,,False,0.43237996814902957
PTHIKWN,38.02,"Sagardia, Iban, Rubén H. Roa-Ureta, and Carlos Bald. ""A new QSAR model, for angiotensin I-converting enzyme inhibitory oligopeptides."" Food chemistry 136.3-4 (2013): 1370-1376.",4.41998788747058,,,,,,,False,0.43241961056111095
YGFLP,260.0,"Kohmura M, Nio N, Kubo K, Minoshma Y, Munekata E, Ariyosh E. Inhibition of angiotensin-converting enzyme by synthetic peptides of human_x0003_-casein. Agric Biol Chem 1989;53:2107–14.",3.58502665202918,,,,,,,False,0.43242506021552324
TQSLVYP,64.0,"Kohmura, Masanori, Noriki Nio, and Yasuo Ariyoshi. ""Inhibition of angiotensin-converting enzyme by synthetic peptide fragments of various β-caseins."" Agricultural and biological chemistry 54.4 (1990): 1101-1102.",4.19382002601611,,,,,,,False,0.43245246913863694
HLFGPPGKKDPV,125.0,"Duan, Xiang, et al. ""Naturally occurring angiotensin I-converting enzyme inhibitory peptide from a fertilized egg and its inhibitory mechanism."" Journal of agricultural and food chemistry 62.24 (2014): 5500-5506.",3.90308998699194,,,,,,,False,0.4324719267793847
HQIYP,110.0,"Kohmura M, Nio N, Kubo K, Minoshma Y, Munekata E, Ariyosh E. Inhibition of angiotensin-converting enzyme by synthetic peptides of human_x0003_-casein. Agric Biol Chem 1989;53:2107–14.",3.95860731484178,,,,,,,False,0.43250374085926024
IQY,70.4,"López-Expósito, Iván, et al. ""Casein hydrolysates as a source of antimicrobial, antioxidant and antihypertensive peptides."" Le Lait 87.4-5 (2007): 241-249.",4.15242734085789,,,,,,,False,0.43252557898025396
KVREGTTY,102.8,"Sagardia, Iban, Rubén H. Roa-Ureta, and Carlos Bald. ""A new QSAR model, for angiotensin I-converting enzyme inhibitory oligopeptides."" Food chemistry 136.3-4 (2013): 1370-1376.",3.98800688534074,,,,,,,False,0.4325630807694553
MPFPK,261.32,11224,3.58282735048223,,,,,,,False,0.43264422867421815
AYLQAQQLLPFNQLVRSPAA,202.04,10355,3.69456264015969,,,,,,,False,0.43275127399052465
VSGP,195.4,"O'Keeffe, Martina B., et al. ""Peptide identification in a porcine gelatin prolyl endoproteinase hydrolysate with angiotensin converting enzyme (ACE) inhibitory and hypotensive activity."" Journal of functional foods 34 (2017): 77-88.",3.70907544061725,,,,,,,False,0.43276801558715483
VVF,35.4813389233576,"Wu, Jianping, Rotimi E. Aluko, and Alister D. Muir. ""Purification of angiotensin I-converting enzyme-inhibitory peptides from the enzymatic hydrolysate of defatted canola meal."" Food chemistry 111.4 (2008): 942-950.",4.45,,,,,,,False,0.4328692593878339
LP,117.8,10092,3.92885470954892,,,,,,,False,0.432916568029846
VVRP,81.0,"Kohmura, Masanori, Noriki Nio, and Yasuo Ariyoshi. ""Inhibition of angiotensin-converting enzyme by synthetic peptide fragments of human κ-casein."" Agricultural and biological chemistry 54.3 (1990): 835-836.",4.09151498112135,,,,,,,False,0.43292656458806617
TPCPPQ,200.0,"Li, M., Fan, W., & Xu, Y. (2021). Identification of angiotensin converting enzyme (ACE) inhibitory and antioxidant peptides derived from Pixian broad bean paste. LWT, 151, 112221.",3.69897000433602,,,,,,,False,0.43302259594779907
GMKCAF,45.7,"Lan, Xiongdiao, et al. ""Rapid purification and characterization of angiotensin converting enzyme inhibitory peptides from lizard fish protein hydrolysates with magnetic affinity separation."" Food chemistry 182 (2015): 136-142.",4.34008379993015,,,,,,,False,0.43316287021791033
LNP,43.0,"Structures and Activity of Angiotensin-convertingEnzyme Inhibitors in anα-Zein HydrolysateShinsuke Miyoshi, Hiromi Ishikawa, Toshiyuki Kaneko, Fumio Fukui, HideokiTanaka & Susumu Maruyama ",4.36653154442041,,,,,,,False,0.4333412850752844
ENGLPVHLDQSIFRRP,180.0,"Rybak, Susanna M., et al. ""C-terminal angiogenin peptides inhibit the biological and enzymatic activities of angiogenin."" Biochemical and biophysical research communications 162.1 (1989): 535-543.",3.74472749489669,,,,,,,False,0.43335643757206066
KIHPFAQTQSLVYP,39.0,"Kohmura, Masanori, Noriki Nio, and Yasuo Ariyoshi. ""Inhibition of angiotensin-converting enzyme by synthetic peptide fragments of various β-caseins."" Agricultural and biological chemistry 54.4 (1990): 1101-1102.",4.4089353929735,,,,,,,False,0.43362569558822356
SY,249.9,"Nakahara, Takeharu, et al. ""Antihypertensive effect of peptide-enriched soy sauce-like seasoning and identification of its angiotensin I-converting enzyme inhibitory substances."" Journal of agricultural and food chemistry 58.2 (2009): 821-827.",3.60223374387355,,,,,,,False,0.4337284315660893
GPAGAPGAA,37.0,"Oshima, Genichiro, Hirokazu Shimabukuro, and Kinzo Nagasawa. ""Peptide inhibitors of angiotensin I-converting enzyme in digests of gelatin by bacterial collagenase."" Biochimica et Biophysica Acta (BBA)-Enzymology 566.1 (1979): 128-137.",4.43179827593301,,,,,,,False,0.4337388802059253
LVYPFPGP,181.97,"Sagardia, Iban, Rubén H. Roa-Ureta, and Carlos Bald. ""A new QSAR model, for angiotensin I-converting enzyme inhibitory oligopeptides."" Food chemistry 136.3-4 (2013): 1370-1376.",3.74000020491811,,,,,,,False,0.4338613203450949
IELPLG,72.4,"Sagardia, Iban, Rubén H. Roa-Ureta, and Carlos Bald. ""A new QSAR model, for angiotensin I-converting enzyme inhibitory oligopeptides."" Food chemistry 136.3-4 (2013): 1370-1376.",4.14026143380285,,,,,,,False,0.4338691463479031
MPFPKYPVEP,59.96,"Hayes, M., et al. ""Casein fermentate of Lactobacillus animalis DPC6134 contains a range of novel propeptide angiotensin-converting enzyme inhibitors."" Appl. Environ. Microbiol. 73.14 (2007): 4658-4667.",4.22213837582376,,,,,,,False,0.433900328665069
LFVAAP,60.0,"Liu, Rui, et al. ""Characterization of ACE inhibitory peptides from Mactra veneriformis hydrolysate by nano-liquid chromatography electrospray ionization mass spectrometry (Nano-LC-ESI-MS) and molecular docking."" Marine drugs 12.7 (2014): 3917-3928.",4.22184874961636,,,,,,,False,0.4339526562116286
YYAKPAAVR,48.88,"Phelan, Martha, et al. ""Angiotensin converting enzyme and nitric oxide inhibitory activities of novel milk derived peptides."" International Dairy Journal 35.1 (2014): 38-42.",4.3108688027655,,,,,,,False,0.43395406714712326
DR,110.5,10091,3.95663772197887,,,,,,,False,0.4341190416248693
KYPVQPFTESQSLTL,93.0,"Yamamoto N, Akino A, Takano T. Antihypertensive effect of the peptides derived from casein by anextracellular proteinase from Lactobacillus helveticus CP790. J Dairy Sci 1994;77:917–22.",4.03151705144607,,,,,,,False,0.4343243261530351
IKPLNY,43.0,"Keiichi Yokoyama, Hideo Chiba, Masaaki Yoshikawa. Peptide Inhibitors for Angiotensin I-Converting Enzyme from Thermolysin Digest of Dried Bonito. Bioscience, Biotechnology, and Biochemistry, Volume 56, 1992, Page 1541-1545.",4.36653154442041,,,,,,,False,0.4343663452757278
YLYEIARR,86.0,"Sagardia, Iban, Rubén H. Roa-Ureta, and Carlos Bald. ""A new QSAR model, for angiotensin I-converting enzyme inhibitory oligopeptides."" Food chemistry 136.3-4 (2013): 1370-1376.",4.06550154875643,,,,,,,False,0.4344307227395168
TD,150.0,"Shiozaki, Kazuhiro, et al. ""Identification of oyster-derived hypotensive peptide acting as angiotensin-I-converting enzyme inhibitor."" Fisheries Science 76.5 (2010): 865-872.",3.82390874094432,,,,,,,False,0.4344515892798217
{THEA}{GABA}P,143.54,10581,3.8430270581037,,,,,,,False,0.4344648001857878
PRHQG,55.0,"Keiichi Yokoyama, Hideo Chiba, Masaaki Yoshikawa. Peptide Inhibitors for Angiotensin I-Converting Enzyme from Thermolysin Digest of Dried Bonito. Bioscience, Biotechnology, and Biochemistry, Volume 56, 1992, Page 1541-1545.",4.25963731050576,,,,,,,False,0.43449146231712826
QSLVYP,41.0,"Kohmura, Masanori, Noriki Nio, and Yasuo Ariyoshi. ""Inhibition of angiotensin-converting enzyme by synthetic peptide fragments of various β-caseins."" Agricultural and biological chemistry 54.4 (1990): 1101-1102.",4.38721614328026,,,,,,,False,0.4345108941890796
TGLKP,51.57,"Escudero, Elizabeth, Leticia Mora, and Fidel Toldrá. ""Stability of ACE inhibitory ham peptides against heat treatment and in vitro digestion."" Food chemistry 161 (2014): 305-311.",4.28760286859329,,,,,,,False,0.43459201068417747
WSKVVL,156.28,"Astawan, Made, et al. ""Effects of angiotensin I-converting enzyme inhibitory substances derived from Indonesian dried-salted fish on blood pressure of rats."" Bioscience, biotechnology, and biochemistry 59.3 (1995): 425-429.",3.80609659744725,,,,,,,False,0.43461814726093595
DNLLN,235.0,"Li, M., Fan, W., & Xu, Y. (2021). Identification of angiotensin converting enzyme (ACE) inhibitory and antioxidant peptides derived from Pixian broad bean paste. LWT, 151, 112221.",3.62893213772826,,,,,,,False,0.4348473995540364
QVVF,140.0,"Kodera, Tomohiro, and Noriki Nio. ""Identification of an angiotensin I‐converting enzyme inhibitory peptides from protein hydrolysates by a soybean protease and the antihypertensive effects of hydrolysates in 4 spontaneously hypertensive model rats."" Journal of food science 71.3 (2006): C164-C173.",3.85387196432176,,,,,,,False,0.43506398642000316
AP,230.0,"Vladimir R.Vukic, In silico identification of milk antihypertensive di- and tripeptides involved in angiotensin I–converting enzyme inhibitory activity",3.63827216398241,,,,,,,False,0.4350844539719978
KFAWPQ,177.1,"Quirós, A., et al. ""Angiotensin-converting enzyme inhibitory activity of peptides derived from caprine kefir."" Journal of dairy science 88.10 (2005): 3480-3487.",3.75178143880993,,,,,,,False,0.43511578744683793
QVGP,160.8,"O'Keeffe, Martina B., et al. ""Peptide identification in a porcine gelatin prolyl endoproteinase hydrolysate with angiotensin converting enzyme (ACE) inhibitory and hypotensive activity."" Journal of functional foods 34 (2017): 77-88.",3.79371395558757,,,,,,,False,0.4351236920241292
FSWF,121.2,10573,3.91649738016973,,,,,,,False,0.4351824088921685
QIGP,194.8,"O'Keeffe, Martina B., et al. ""Peptide identification in a porcine gelatin prolyl endoproteinase hydrolysate with angiotensin converting enzyme (ACE) inhibitory and hypotensive activity."" Journal of functional foods 34 (2017): 77-88.",3.7104110474574,,,,,,,False,0.435356636724832
RYLG,225.0,"Stuknytė, Milda, et al. ""Occurrence and fate of ACE-inhibitor peptides in cheeses and in their digestates following in vitro static gastrointestinal digestion."" Food chemistry 168 (2015): 27-33.",3.64781748188864,,,,,,,False,0.4354755139041702
IPT,73.1,11429,4.13608262304214,,,,,,,False,0.43548617638757237
LEP,42.6579518801593,"Wu, Jianping, Rotimi E. Aluko, and Alister D. Muir. ""Purification of angiotensin I-converting enzyme-inhibitory peptides from the enzymatic hydrolysate of defatted canola meal."" Food chemistry 111.4 (2008): 942-950.",4.37,,,,,,,False,0.43553726937726167
FFVAPFPEVFGK,77.0,"1987, Susumu MARUYAMA, Hajime MITACHI, Hideoki TANAKA, Noboru TOMIZUKA and Hideo SUZUKI. Studies on the Active Site and Antihypertensive Activity of Angiotensin I-Converting Enzyme Inhibitors Derived from Casein.",4.11350927482752,,,,,,,False,0.43563539680432145
KKYMVPQL,77.1,"Kalyan, Gazal, et al. ""Anti-hypertensive Peptide Predictor: A Machine Learning-Empowered Web Server for Prediction of Food-Derived Peptides with Potential Angiotensin-Converting Enzyme-I Inhibitory Activity."" Journal of Agricultural and Food Chemistry 69.49 (2021): 14995-15004.",4.11294562194904,,,,,,,False,0.4357076995734119
EPVLGPVRGPFP,137.43,"Hayes, M., et al. ""Casein fermentate of Lactobacillus animalis DPC6134 contains a range of novel propeptide angiotensin-converting enzyme inhibitors."" Appl. Environ. Microbiol. 73.14 (2007): 4658-4667.",3.86191845350425,,,,,,,False,0.4357864246482558
YLLF,171.8,"Mullally, M.M., Meisel, H. and FitzGerald, R.J. (1996) ""Synthetic Peptides Correspongding to α-lactalbumin and β-lactoglobulin Squences with Angiotensin-I-converting Enzyme Inhibitory Activity"" in Biological Chemistry Hoppe-Seyler 377, 259-260.",3.76497684050478,,,,,,,False,0.4357923251074855
WAA,118.5,10562,3.92628164965388,,,,,,,False,0.4359479929252461
{GABA}{THEA}P,207.64,10582,3.68268897979319,,,,,,,False,0.4360359913567924
LVYPFPGPIH,89.0,"Pihlanto, Anne, Tarja Virtanen, and Hannu Korhonen. ""Angiotensin I converting enzyme (ACE) inhibitory activity and antihypertensive effect of fermented milk."" International Dairy Journal 20.1 (2010): 3-10.",4.05060999335509,,,,,,,False,0.43610490923780804
TPRVF,200.0,"Kodera, Tomohiro, and Noriki Nio. ""Identification of an angiotensin I‐converting enzyme inhibitory peptides from protein hydrolysates by a soybean protease and the antihypertensive effects of hydrolysates in 4 spontaneously hypertensive model rats."" Journal of food science 71.3 (2006): C164-C173.",3.69897000433602,,,,,,,False,0.4361058548538888
LPYY,116.26,10123,3.93456968137963,,,,,,,False,0.4361145050677699
WYSL,90.4,"Hernández-Ledesma, Blanca, et al. ""ACE-inhibitory and radical-scavenging activity of peptides derived from β-lactoglobulin f (19− 25). Interactions with ascorbic acid."" Journal of agricultural and food chemistry 55.9 (2007): 3392-3397.",4.04383156952464,,,,,,,False,0.43612380063579265
YKY,43.5,Identification of an antihypertensive peptide from peptic digest of wakame (Undaria pinnatifida) Kunio Suetsuna* and Takahisa Nakano†,4.36151074304536,,,,,,,False,0.4362714324116636
LFR,60.0,"Liu, Rui, et al. ""Characterization of ACE inhibitory peptides from Mactra veneriformis hydrolysate by nano-liquid chromatography electrospray ionization mass spectrometry (Nano-LC-ESI-MS) and molecular docking."" Marine drugs 12.7 (2014): 3917-3928.",4.22184874961636,,,,,,,False,0.4364756159769384
PLFPK,94.0,"Liu, Rui, et al. ""Characterization of ACE inhibitory peptides from Mactra veneriformis hydrolysate by nano-liquid chromatography electrospray ionization mass spectrometry (Nano-LC-ESI-MS) and molecular docking."" Marine drugs 12.7 (2014): 3917-3928.",4.0268721464003,,,,,,,False,0.43654324239775394
LTGP,131.1,"O'Keeffe, Martina B., et al. ""Peptide identification in a porcine gelatin prolyl endoproteinase hydrolysate with angiotensin converting enzyme (ACE) inhibitory and hypotensive activity."" Journal of functional foods 34 (2017): 77-88.",3.88239730830992,,,,,,,False,0.43655270024379733
DILN,155.1,"Pokora, M., et al. ""An attractive way of egg white protein by-product use for producing of novel anti-hypertensive peptides."" Food chemistry 151 (2014): 500-505.",3.8093882021864,,,,,,,False,0.43664183005200324
DIGP,194.2,"O'Keeffe, Martina B., et al. ""Peptide identification in a porcine gelatin prolyl endoproteinase hydrolysate with angiotensin converting enzyme (ACE) inhibitory and hypotensive activity."" Journal of functional foods 34 (2017): 77-88.",3.71175077442801,,,,,,,False,0.4366502148513554
PKIDAMREKVLA,103.0,"Sagardia, Iban, et al. ""Quantitative structure–activity relationship based screening of bioactive peptides identified in ripened cheese."" International Dairy Journal 33.2 (2013): 184-190.",3.98716277529483,,,,,,,False,0.4366680754779249
VFER,152.8,"Puchalska, Patrycja, M. Luisa Marina Alegre, and M. Concepcion Garcia Lopez. ""Isolation and characterization of peptides with antihypertensive activity in foodstuffs."" Critical reviews in food science and nutrition 55.4 (2015): 521-551.",3.81587664576033,,,,,,,False,0.4367089397070608
LASPTM,54.0,"Liu, Rui, et al. ""Characterization of ACE inhibitory peptides from Mactra veneriformis hydrolysate by nano-liquid chromatography electrospray ionization mass spectrometry (Nano-LC-ESI-MS) and molecular docking."" Marine drugs 12.7 (2014): 3917-3928.",4.26760624017703,,,,,,,False,0.43675326824974703
NIPPLTQTPV,173.0,"Sagardia, Iban, Rubén H. Roa-Ureta, and Carlos Bald. ""A new QSAR model, for angiotensin I-converting enzyme inhibitory oligopeptides."" Food chemistry 136.3-4 (2013): 1370-1376.",3.7619538968712,,,,,,,False,0.43687278345777397
IL,54.9540873857625,"Wu, Jianping, Rotimi E. Aluko, and Alister D. Muir. ""Purification of angiotensin I-converting enzyme-inhibitory peptides from the enzymatic hydrolysate of defatted canola meal."" Food chemistry 111.4 (2008): 942-950.",4.26,,,,,,,False,0.4369441083048743
VIEKYP,173.0,"Sagardia, Iban, Rubén H. Roa-Ureta, and Carlos Bald. ""A new QSAR model, for angiotensin I-converting enzyme inhibitory oligopeptides."" Food chemistry 136.3-4 (2013): 1370-1376.",3.7619538968712,,,,,,,False,0.4369502931734514
RGLSK,87.0,"Li, M., Fan, W., & Xu, Y. (2021). Identification of angiotensin converting enzyme (ACE) inhibitory and antioxidant peptides derived from Pixian broad bean paste. LWT, 151, 112221.",4.06048074738138,,,,,,,False,0.43699534277051394
YPQY,142.0,10477,3.84771165561694,,,,,,,False,0.43718778944935727
PGPLGLTGP,95.0,"He, Hai-Lun, Dan Liu, and Chang-Bei Ma. ""Review on the angiotensin-I-converting enzyme (ACE) inhibitor peptides from marine proteins."" Applied biochemistry and biotechnology 169.3 (2013): 738-749.",4.02227639471115,,,,,,,False,0.43719765759430085
LGDARNSPAPP,166.0,11109,3.77989191195995,,,,,,,False,0.437241331585595
GPPGAIGP,146.5,"Oshima, Genichiro, Hirokazu Shimabukuro, and Kinzo Nagasawa. ""Peptide inhibitors of angiotensin I-converting enzyme in digests of gelatin by bacterial collagenase."" Biochimica et Biophysica Acta (BBA)-Enzymology 566.1 (1979): 128-137.",3.83416237530987,,,,,,,False,0.437255755897031
VPKVK,164.56,"Silva, S. V., Anne Pihlanto, and F. Xavier Malcata. ""Bioactive peptides in ovine and caprine cheeselike systems prepared with proteases from Cynara cardunculus."" Journal of dairy science 89.9 (2006): 3336-3344.",3.78367572131333,,,,,,,False,0.4372595679841174
YPYY,90.9,"Tsai, Jenn-Shou, et al. ""Antihypertensive effect of bioactive peptides produced by protease-facilitated lactic acid fermentation of milk."" Food chemistry 106.2 (2008): 552-558.",4.04143611677803,,,,,,,False,0.43742652328866355
HNW,126.0,"Xie, Jingli, et al. ""Antihypertensive effects, molecular docking study, and isothermal titration calorimetry assay of angiotensin I-converting enzyme inhibitory peptides from Chlorella vulgaris."" Journal of agricultural and food chemistry 66.6 (2018): 1359-1368.",3.89962945488244,,,,,,,False,0.4376415808946309
MCESASSK,75.93,"Huang, Guan-Jhong, et al. ""Sweet potato storage root defensin and its tryptic hydrolysates exhibited angiotensin converting enzyme inhibitory activity in vitro."" Bot Stud 52.3 (2011): 257-264.",4.11958660012208,,,,,,,False,0.4377719970947399
YKWL,48.7,"Terashima, Masaaki, et al. ""Inhibition strength of short peptides derived from an ACE inhibitory peptide."" Journal of agricultural and food chemistry 59.20 (2011): 11234-11237.",4.31247103878537,,,,,,,False,0.437807808647168
AFKDEDTEEVPFR,80.2,"Tanzadehpanah, Hamid, et al. ""Identification of a novel angiotensin-I converting enzyme inhibitory peptide from ostrich egg white and studying its interactions with the enzyme."" Innovative food science & emerging technologies 18 (2013): 212-219.",4.09582563171584,,,,,,,False,0.43780829347795036
WYSLAMA,59.9,"Hernández-Ledesma, Blanca, et al. ""ACE-inhibitory and radical-scavenging activity of peptides derived from β-lactoglobulin f (19− 25). Interactions with ascorbic acid."" Journal of agricultural and food chemistry 55.9 (2007): 3392-3397.",4.22257317761069,,,,,,,False,0.43782566888596797
IRAQQ,160.0,"Structures and Activity of Angiotensin-convertingEnzyme Inhibitors in anα-Zein HydrolysateShinsuke Miyoshi, Hiromi Ishikawa, Toshiyuki Kaneko, Fumio Fukui, HideokiTanaka & Susumu Maruyama ",3.79588001734408,,,,,,,False,0.43788438658998147
HIKWGD,50.0,"Kohama, Yasuhiro, et al. ""Potent synthetic analogues of angiotensin-converting enzyme inhibitor derived from tuna muscle."" Agricultural and biological chemistry 55.8 (1991): 2169-2170.",4.30102999566398,,,,,,,False,0.43791993426754516
KLRP,91.6,"García-Tejedor, Aurora, et al. ""Novel antihypertensive lactoferrin-derived peptides produced by Kluyveromyces marxianus: gastrointestinal stability profile and in vivo angiotensin I-converting enzyme (ACE) inhibition."" Journal of agricultural and food chemistry 62.7 (2014): 1609-1616.",4.03810452633215,,,,,,,False,0.43798269413329755
YPLDL,51.0,"Sagardia, Iban, Rubén H. Roa-Ureta, and Carlos Bald. ""A new QSAR model, for angiotensin I-converting enzyme inhibitory oligopeptides."" Food chemistry 136.3-4 (2013): 1370-1376.",4.29242982390206,,,,,,,False,0.43801451746464987
KNGDGY,51.63,"Balti, Rafik, et al. ""Nine novel angiotensin I-converting enzyme (ACE) inhibitory peptides from cuttlefish (Sepia officinalis) muscle protein hydrolysates and antihypertensive effect of the potent active peptide in spontaneously hypertensive rats."" Food chemistry 170 (2015): 519-525.",4.28709787495278,,,,,,,False,0.43808997256129245
IPPAYSK,116.06,10774,3.93531743377149,,,,,,,False,0.4380992598754987
SVYT,63.0,9939,4.20065945054642,,,,,,,False,0.4381055807213871
DLGP,149.0,"O'Keeffe, Martina B., et al. ""Peptide identification in a porcine gelatin prolyl endoproteinase hydrolysate with angiotensin converting enzyme (ACE) inhibitory and hypotensive activity."" Journal of functional foods 34 (2017): 77-88.",3.82681373158773,,,,,,,False,0.4381085548981509
LLP,57.0,"Structures and Activity of Angiotensin-convertingEnzyme Inhibitors in anα-Zein HydrolysateShinsuke Miyoshi, Hiromi Ishikawa, Toshiyuki Kaneko, Fumio Fukui, HideokiTanaka & Susumu Maruyama ",4.24412514432751,,,,,,,False,0.4381452414924682
RPYL,56.5,"Ruiz-Giménez, Pedro, et al. ""Antihypertensive effect of a bovine lactoferrin pepsin hydrolysate: identification of novel active peptides."" Food Chemistry 131.1 (2012): 266-273.",4.24795155218056,,,,,,,False,0.4381812204898463
WHHT,110.0,"Keiichi Yokoyama, Hideo Chiba, Masaaki Yoshikawa. Peptide Inhibitors for Angiotensin I-Converting Enzyme from Thermolysin Digest of Dried Bonito. Bioscience, Biotechnology, and Biochemistry, Volume 56, 1992, Page 1541-1545.",3.95860731484178,,,,,,,False,0.43820318131389707
PVPP,181.0,"Nakamura, Yasunori, and Toshiaki Takano. ""Angiotensin converting enzyme inhibitor and method for preparing same."" U.S. Patent No. 5,449,661. 12 Sep. 1995.",3.74232142513082,,,,,,,False,0.4382474802299509
GYK,160.0,7646,3.79588001734408,,,,,,,False,0.4382628377744752
EPIPYGFLP,180.0,"Kohmura M, Nio N, Kubo K, Minoshma Y, Munekata E, Ariyosh E. Inhibition of angiotensin-converting enzyme by synthetic peptides of human_x0003_-casein. Agric Biol Chem 1989;53:2107–14.",3.74472749489669,,,,,,,False,0.4383076868052729
YQQPVLGPVRGPFPIIV,101.0,"Yamamoto, Naoyuki, Atsuko Akino, and Toshiaki Takano. ""Antihypertensive effect of the peptides derived from casein by an extracellular proteinase from Lactobacillus helveticus CP790."" Journal of dairy science 77.4 (1994): 917-922.",3.99567862621736,,,,,,,False,0.438392691041449
ENLHLPLP,155.0,"Kohmura M, Nio N, Kubo K, Minoshma Y, Munekata E, Ariyosh E. Inhibition of angiotensin-converting enzyme by synthetic peptides of human_x0003_-casein. Agric Biol Chem 1989;53:2107–14.",3.80966830182971,,,,,,,False,0.43843032279123495
GVR,166.5,9727,3.77858576215766,,,,,,,False,0.43846979853079326
GQY,52.3,"Ishiguro, Koji, et al. ""Hypotensive effect of a sweetpotato protein digest in spontaneously hypertensive rats and purification of angiotensin I-converting enzyme inhibitory peptides."" Food chemistry 131.3 (2012): 774-779.",4.28149831113273,,,,,,,False,0.4386417216834467
RLPSEFDLSAFLRA,52.0,"Jang, Jeong-Hoon, et al. ""Characterisation of a new antihypertensive angiotensin I-converting enzyme inhibitory peptide from Pleurotus cornucopiae."" Food chemistry 127.2 (2011): 412-418.",4.2839966563652,,,,,,,False,0.4386483809757098
GKEIIVKAER,65.78,"Mimura, Tsutomu, et al. ""Angiotensin converting enzyme inhibitor."" U.S. Patent No. 5,098,887. 24 Mar. 1992.",4.18190613085336,,,,,,,False,0.43881962058271845
KGP,172.0,"O'Keeffe, Martina B., et al. ""Peptide identification in a porcine gelatin prolyl endoproteinase hydrolysate with angiotensin converting enzyme (ACE) inhibitory and hypotensive activity."" Journal of functional foods 34 (2017): 77-88.",3.76447155309245,,,,,,,False,0.4388286660281706
AYFTPE,104.7,"Sagardia, Iban, Rubén H. Roa-Ureta, and Carlos Bald. ""A new QSAR model, for angiotensin I-converting enzyme inhibitory oligopeptides."" Food chemistry 136.3-4 (2013): 1370-1376.",3.98005331832116,,,,,,,False,0.43882906914672765
QLADVSPAAFLTQQQLLPFYLHAM,174.43,10354,3.75837881920858,,,,,,,False,0.43883522298015687
IPAVFK,144.8,"Power, O., et al. ""Selective enrichment of bioactive properties during ultrafiltration of a tryptic digest of β-lactoglobulin."" journal of functional foods 9 (2014): 38-47.",3.83923143813887,,,,,,,False,0.4389541932971384
SKVLPVPE,93.0,"Yamamoto, Naoyuki, Atsuko Akino, and Toshiaki Takano. ""Antihypertensive effect of the peptides derived from casein by an extracellular proteinase from Lactobacillus helveticus CP790."" Journal of dairy science 77.4 (1994): 917-922.",4.03151705144607,,,,,,,False,0.43904670175776167
GVHTFP,86.3,10575,4.06398920428479,,,,,,,False,0.43914147142509496
YYAPFDGIL,83.0,"García, M. C., et al. ""Vegetable foods: A cheap source of proteins and peptides with antihypertensive, antioxidant, and other less occurrence bioactivities."" Talanta 106 (2013): 328-349.",4.08092190762393,,,,,,,False,0.4391943298217841
FDPFPK,105.75,9843,3.97571962395292,,,,,,,False,0.4393064036651744
YIPIQY,132.5,"Short communication: Bovine κ-casein variants result in different angiotensin I converting enzyme (ACE) inhibitory peptides C. Weimann,*1 H. Meisel,† and G. Erhardt* *Institute of Animal Breeding and Genetics, Ludwigstr. 21B, D-35390 Giessen, Germany †Max Rubner-Institute (MRI), Federal Research Institute of Nutrition and Food, Department of Safety and Quality of Milk and Fish Products, PO Box 6069, D-24121 Kiel, Germany",3.87778412172717,,,,,,,False,0.43937586455495203
RPQIPP,166.0,"Sagardia, Iban, Rubén H. Roa-Ureta, and Carlos Bald. ""A new QSAR model, for angiotensin I-converting enzyme inhibitory oligopeptides."" Food chemistry 136.3-4 (2013): 1370-1376.",3.77989191195995,,,,,,,False,0.4394369640780631
LHGPYP,75.4,"Jing, Tao, et al. ""Rational design of angiotensin‐I‐converting enzyme inhibitory peptides by integrating in silico modeling and an in vitro assay."" ChemMedChem 8.7 (2013): 1057-1066.",4.12262865413023,,,,,,,False,0.43946465050751776
VTR,134.896288259165,"Wu, Jianping, Rotimi E. Aluko, and Alister D. Muir. ""Purification of angiotensin I-converting enzyme-inhibitory peptides from the enzymatic hydrolysate of defatted canola meal."" Food chemistry 111.4 (2008): 942-950.",3.87,,,,,,,False,0.4395536574381187
IARDSAAVF,56.4,10815,4.24872089601666,,,,,,,False,0.4395628030839282
KIHPFAQAQ,132.6,"Quirós, A., et al. ""Angiotensin-converting enzyme inhibitory activity of peptides derived from caprine kefir."" Journal of dairy science 88.10 (2005): 3480-3487.",3.87745647593125,,,,,,,False,0.43965610001230626
KPGRP,67.08,"Escudero, Elizabeth, Leticia Mora, and Fidel Toldrá. ""Stability of ACE inhibitory ham peptides against heat treatment and in vitro digestion."" Food chemistry 161 (2014): 305-311.",4.17340694606595,,,,,,,False,0.4396596484294885
VKK,58.51,"Sun, Yuanxia, et al. ""Evaluation of angiotensin I-converting enzyme (ACE) inhibitory activities of hydrolysates generated from byproducts of freshwater clam."" Food Science and Biotechnology 20.2 (2011): 303-31",4.23276990188928,,,,,,,False,0.43970591271139
WGAP,140.7,10208,3.85170590256525,,,,,,,False,0.43971326490675217
LTQTPVVVPP,160.0,"Nakamura, Yasunori, and Toshiaki Takano. ""Angiotensin converting enzyme inhibitor and method for preparing same."" U.S. Patent No. 5,449,661. 12 Sep. 1995.",3.79588001734408,,,,,,,False,0.4397926552246152
IVEYF,138.0,"Mimura, Tsutomu, et al. ""Angiotensin converting enzyme inhibitor."" U.S. Patent No. 5,098,887. 24 Mar. 1992.",3.86012091359876,,,,,,,False,0.4399462991547304
LGV,145.0,"Orio, Lara P., et al. ""New ACE-inhibitory peptides from hemp seed (Cannabis sativa L.) proteins."" Journal of agricultural and food chemistry 65.48 (2017): 10482-10488.",3.83863199776503,,,,,,,False,0.4399496067980913
IGDEPLANYL,63.43,"Morinaga, Yae, et al. ""Chemical nature of a new antihypertensive peptide derived from jellyfish."" Food science and technology research 16.4 (2010): 333-340.",4.19770528860254,,,,,,,False,0.44000363643794493
LAIPVNKP,70.0,"Kuba, M., et al. ""Production of angiotensin I-converting enzyme inhibitory peptides from soybean protein with Monascus purpureus acid proteinase."" Process Biochemistry 40.6 (2005): 2191-2196.",4.15490195998574,,,,,,,False,0.44005748283344037
FF,59.15,10027,4.22804525103605,,,,,,,False,0.4400581498042236
PRVF,110.0,"Kodera, Tomohiro, and Noriki Nio. ""Identification of an angiotensin I‐converting enzyme inhibitory peptides from protein hydrolysates by a soybean protease and the antihypertensive effects of hydrolysates in 4 spontaneously hypertensive model rats."" Journal of food science 71.3 (2006): C164-C173.",3.95860731484178,,,,,,,False,0.44008594833829817
QGP,149.5,"O'Keeffe, Martina B., et al. ""Peptide identification in a porcine gelatin prolyl endoproteinase hydrolysate with angiotensin converting enzyme (ACE) inhibitory and hypotensive activity."" Journal of functional foods 34 (2017): 77-88.",3.82535880733955,,,,,,,False,0.4401236887085427
PVVVPP,117.0,"Nakamura, Yasunori, and Toshiaki Takano. ""Angiotensin converting enzyme inhibitor and method for preparing same."" U.S. Patent No. 5,449,661. 12 Sep. 1995.",3.93181413825384,,,,,,,False,0.4401590649954129
YLGYLE,85.76,10059,4.06671522765131,,,,,,,False,0.44019862825994643
PPKP,89.0,10476,4.05060999335509,,,,,,,False,0.44020341871288243
VLGPVRGPFP,137.0,"Quirós, Ana, et al. ""Identification of novel antihypertensive peptides in milk fermented with Enterococcus faecalis."" International Dairy Journal 17.1 (2007): 33-41.",3.86327943284359,,,,,,,False,0.44021028270675505
GLPGSRGERGLPG,60.8,"Zhang, Yuhao, et al. ""Effect of pretreatment on enzymatic hydrolysis of bovine collagen and formation of ACE-inhibitory peptides."" Food Chemistry 141.3 (2013): 2343-2354.",4.21609642072727,,,,,,,False,0.44031429426770013
VVGP,97.2,"O'Keeffe, Martina B., et al. ""Peptide identification in a porcine gelatin prolyl endoproteinase hydrolysate with angiotensin converting enzyme (ACE) inhibitory and hypotensive activity."" Journal of functional foods 34 (2017): 77-88.",4.01233373507373,,,,,,,False,0.4403415098221125
KKYNVPQL,77.1,"Ruiz, José Ángel Gómez, Mercedes Ramos, and Isidra Recio. ""Angiotensin converting enzyme-inhibitory activity of peptides isolated from Manchego cheese. Stability under simulated gastrointestinal digestion."" International dairy journal 14.12 (2004): 1075-1080.",4.11294562194904,,,,,,,False,0.4403735352836981
LVYPFPGPIHNSLPQN,71.0,"Pihlanto, Anne, Tarja Virtanen, and Hannu Korhonen. ""Angiotensin I converting enzyme (ACE) inhibitory activity and antihypertensive effect of fermented milk."" International Dairy Journal 20.1 (2010): 3-10.",4.14874165128092,,,,,,,False,0.4403788169968929
IPA,141.0,"Vladimir R.Vukic, In silico identification of milk antihypertensive di- and tripeptides involved in angiotensin I–converting enzyme inhibitory activity",3.85078088734462,,,,,,,False,0.4403805602572673
FKR,64.0,"Liu, Rui, et al. ""Characterization of ACE inhibitory peptides from Mactra veneriformis hydrolysate by nano-liquid chromatography electrospray ionization mass spectrometry (Nano-LC-ESI-MS) and molecular docking."" Marine drugs 12.7 (2014): 3917-3928.",4.19382002601611,,,,,,,False,0.4404426986157132
QLLLQQ,75.0,"Li, M., Fan, W., & Xu, Y. (2021). Identification of angiotensin converting enzyme (ACE) inhibitory and antioxidant peptides derived from Pixian broad bean paste. LWT, 151, 112221.",4.1249387366083,,,,,,,False,0.4406425794674281
DY,100.0,"Keiichi Yokoyama, Hideo Chiba, Masaaki Yoshikawa. Peptide Inhibitors for Angiotensin I-Converting Enzyme from Thermolysin Digest of Dried Bonito. Bioscience, Biotechnology, and Biochemistry, Volume 56, 1992, Page 1541-1545.",4.0,,,,,,,False,0.44072536492503933
AVPYP,80.0,"1987, Susumu MARUYAMA, Hajime MITACHI, Hideoki TANAKA, Noboru TOMIZUKA and Hideo SUZUKI. Studies on the Active Site and Antihypertensive Activity of Angiotensin I-Converting Enzyme Inhibitors Derived from Casein.",4.09691001300806,,,,,,,False,0.44073010719922295
VC,134.45,11040,3.87143919344068,,,,,,,False,0.4409750624153017
CRQNTLGHNTQTSIAQ,80.0,"Forghani, Bita, et al. ""Purification and characterization of angiotensin converting enzyme-inhibitory peptides derived from Stichopus horrens: Stability study against the ACE and inhibition kinetics."" Journal of functional foods 20 (2016): 276-290.",4.09691001300806,,,,,,,False,0.4410362074180888
FPEVFGK,140.0,"1987, Susumu MARUYAMA, Hajime MITACHI, Hideoki TANAKA, Noboru TOMIZUKA and Hideo SUZUKI. Studies on the Active Site and Antihypertensive Activity of Angiotensin I-Converting Enzyme Inhibitors Derived from Casein.",3.85387196432176,,,,,,,False,0.4410743586737063
FSDKIAK,113.6,"López-Expósito, Iván, et al. ""Casein hydrolysates as a source of antimicrobial, antioxidant and antihypertensive peptides."" Le Lait 87.4-5 (2007): 241-249.",3.944621668625,,,,,,,False,0.4410876225101918
VES,83.18,11317,4.07998108397109,,,,,,,False,0.4411515183495443
LVYPFPGPIPNSLPQN,71.0,9240,4.14874165128092,,,,,,,False,0.4412341211518917
MTEEY,90.3,"Luna-Vital, Diego A., et al. ""Peptides present in the non-digestible fraction of common beans (Phaseolus vulgaris L.) inhibit the angiotensin-I converting enzyme by interacting with its catalytic cavity independent of their antioxidant capacity."" Food & function 6.5 (2015): 1470-1479.",4.04431224968649,,,,,,,False,0.44124902096050306
FFVAPFPFEVFGK,77.0,3496,4.11350927482752,,,,,,,False,0.441300736662111
PQTLALP,110.0,"Kohmura M, Nio N, Kubo K, Minoshma Y, Munekata E, Ariyosh E. Inhibition of angiotensin-converting enzyme by synthetic peptides of human_x0003_-casein. Agric Biol Chem 1989;53:2107–14.",3.95860731484178,,,,,,,False,0.44139826281438843
QTQSLVYP,73.0,"Kohmura, Masanori, Noriki Nio, and Yasuo Ariyoshi. ""Inhibition of angiotensin-converting enzyme by synthetic peptide fragments of various β-caseins."" Agricultural and biological chemistry 54.4 (1990): 1101-1102.",4.13667713987954,,,,,,,False,0.4414027271451063
AYFYPE,106.0,"Yamamoto N, Akino A, Takano T. Antihypertensive effect of the peptides derived from casein by anextracellular proteinase from Lactobacillus helveticus CP790. J Dairy Sci 1994;77:917–22.",3.97469413473523,,,,,,,False,0.44145267424790624
PFPEVFGK,108.0,"Paul, Moushumi, John G. Phillips, and John A. Renye Jr. ""Measuring the angiotensin-converting enzyme inhibitory activity of an 8-amino acid (8mer) fragment of the C12 antihypertensive peptide."" Journal of dairy science 99.5 (2016): 3263-3266.",3.96657624451305,,,,,,,False,0.4415018286007977
AVVRP,74.0,"Kohmura, Masanori, Noriki Nio, and Yasuo Ariyoshi. ""Inhibition of angiotensin-converting enzyme by synthetic peptide fragments of human κ-casein."" Agricultural and biological chemistry 54.3 (1990): 835-836.",4.13076828026902,,,,,,,False,0.44150639508428224
GVHHA,71.8,"Balti, Rafik, et al. ""Analysis of novel angiotensin I-converting enzyme inhibitory peptides from enzymatic hydrolysates of cuttlefish (Sepia officinalis) muscle proteins."" Journal of agricultural and food chemistry 58.6 (2010): 3840-3846.",4.1438755557577,,,,,,,False,0.4415251717880135
IYEGY,79.42,"Lassoued, Imen, et al. ""Angiotensin I‐converting enzyme inhibitory peptides FQPSF and LKYPI identified in Bacillus subtilis A26 hydrolysate of thornback ray muscle."" International Journal of Food Science & Technology 51.7 (2016): 1604-1609.",4.10007011727214,,,,,,,False,0.4417669013413565
LLF,82.4,"Hernández-Ledesma, Blanca, et al. ""Effect of simulated gastrointestinal digestion on the antihypertensive properties of synthetic β-lactoglobulin peptide sequences."" Journal of Dairy Research 74.3 (2007): 336-339.",4.08407278830288,,,,,,,False,0.4418121634775295
VYAPFE,75.93,"Morinaga, Yae, et al. ""Chemical nature of a new antihypertensive peptide derived from jellyfish."" Food science and technology research 16.4 (2010): 333-340.",4.11958660012208,,,,,,,False,0.4418672207884589
LNNSRAP,105.3,"Ruiz-Giménez, Pedro, et al. ""Antihypertensive effect of a bovine lactoferrin pepsin hydrolysate: identification of novel active peptides."" Food Chemistry 131.1 (2012): 266-273.",3.97757162881451,,,,,,,False,0.44197183392885303
VVPPA,79.5,"Suetsuna K, Chen JR. Identification of antihypertensive peptides from peptic digest of two microalgae, Chlorella vulgaris and Spirulina platensis. Marine Biotechnol (NY) 2001;3:305–9.",4.09963287134353,,,,,,,False,0.4420043641673139
IIP,80.8,"Ishiguro, Koji, et al. ""Hypotensive effect of a sweetpotato protein digest in spontaneously hypertensive rats and purification of angiotensin I-converting enzyme inhibitory peptides."" Food chemistry 131.3 (2012): 774-779.",4.09258863922541,,,,,,,False,0.4420295604396582
WYSLA,86.9,"Hernández-Ledesma, Blanca, et al. ""ACE-inhibitory and radical-scavenging activity of peptides derived from β-lactoglobulin f (19− 25). Interactions with ascorbic acid."" Journal of agricultural and food chemistry 55.9 (2007): 3392-3397.",4.06098022355133,,,,,,,False,0.4421045245873307
VKAGF,83.0,"Ukeda, Hiroyuki, et al. ""Peptides from peptic hydrolyzate of heated sardine meat that inhibit angiotensin I converting enzyme."" Nippon Nogeikagaku Kaishi 66.1 (1992): 25-29.",4.08092190762393,,,,,,,False,0.44212052957695386
IMVAEAR,84.12,"Huang, Guan-Jhong, et al. ""Sweet potato storage root defensin and its tryptic hydrolysates exhibited angiotensin converting enzyme inhibitory activity in vitro."" Bot Stud 52.3 (2011): 257-264.",4.07510073598572,,,,,,,False,0.4421468084906607
PAP,87.0,"Kohmura, Masanori, Noriki Nio, and Yasuo Ariyoshi. ""Inhibition of angiotensin-converting enzyme by synthetic peptide fragments of human κ-casein."" Agricultural and biological chemistry 54.3 (1990): 835-836.",4.06048074738138,,,,,,,False,0.4421704681857048
AAATP,100.0,"Escudero, E., Mora, L., Fraser, P. D., Aristoy, M.-C., Arihara, K., & Toldrá, F. (2013). Purification and Identification of antihypertensive peptides in Spanish dry-cured ham. Journal of Proteomics, 78, 499–507. doi:10.1016/j.jprot.2012.10.019",4.0,,,,,,,False,0.4422142225009883
DKIHP,113.1,"El-Salam, MH Abd, and S. El-Shibiny. ""Bioactive peptides of buffalo, camel, goat, sheep, mare, and yak milks and milk products."" Food Reviews International 29.1 (2013): 1-23.",3.94653739507455,,,,,,,False,0.4422427739765291
LVKF,86.0,"Liu, Rui, et al. ""Characterization of ACE inhibitory peptides from Mactra veneriformis hydrolysate by nano-liquid chromatography electrospray ionization mass spectrometry (Nano-LC-ESI-MS) and molecular docking."" Marine drugs 12.7 (2014): 3917-3928.",4.06550154875643,,,,,,,False,0.44225348907255435
IPAGV,93.0,9938,4.03151705144607,,,,,,,False,0.4422766145302806
YPWTQR,90.0,"Lantz, Ingrid, et al. ""Hemorphins derived from hemoglobin have an inhibitory action on angiotensin converting enzyme activity."" FEBS letters 287.1-2 (1991): 39-41.",4.04575749056068,,,,,,,False,0.44231552960751
KFYG,90.0,Identification of an antihypertensive peptide from peptic digest of wakame (Undaria pinnatifida) Kunio Suetsuna* and Takahisa Nakano†,4.04575749056068,,,,,,,False,0.4423180694982189
VWIG,110.0,"Angiotensin converting enzyme inhibitory peptides derived from food proteins: biochemistry, bioactivity and production. Curr. Pharm. Des., 2007, 13, 773-791.",3.95860731484178,,,,,,,False,0.44235221751047604
IVQ,95.4992586021437,"Wu, Jianping, Rotimi E. Aluko, and Alister D. Muir. ""Purification of angiotensin I-converting enzyme-inhibitory peptides from the enzymatic hydrolysate of defatted canola meal."" Food chemistry 111.4 (2008): 942-950.",4.02,,,,,,,False,0.44239336092743176
LEPP,100.1,"Tomatsu, Makoto, et al. ""Novel angiotensin I-converting enzyme inhibitory peptides derived from soya milk."" Food chemistry 136.2 (2013): 612-616.",3.99956592252068,,,,,,,False,0.44244165838514354
